[Hrumqttd,0.00%,1.57MiB / 7.709GiB,6.57kB / 126B,0B / 0B,8
[Hrumqttd,0.00%,1.57MiB / 7.709GiB,6.57kB / 126B,0B / 0B,8 [K
 [K
[J[Hrumqttd,0.00%,1.57MiB / 7.709GiB,6.57kB / 126B,0B / 0B,8
[Hrumqttd,0.00%,1.57MiB / 7.709GiB,6.57kB / 126B,0B / 0B,8 [K
 [K
[J[Hrumqttd,0.00%,1.566MiB / 7.709GiB,6.57kB / 126B,0B / 0B,8
[Hrumqttd,0.00%,1.566MiB / 7.709GiB,6.57kB / 126B,0B / 0B,8 [K
 [K
[J[Hrumqttd,0.00%,1.566MiB / 7.709GiB,6.57kB / 126B,0B / 0B,8
[Hrumqttd,0.00%,1.566MiB / 7.709GiB,6.57kB / 126B,0B / 0B,8 [K
 [K
[J[Hrumqttd,0.00%,1.566MiB / 7.709GiB,6.78kB / 126B,0B / 0B,8
[Hrumqttd,0.00%,1.566MiB / 7.709GiB,6.78kB / 126B,0B / 0B,8 [K
 [K
[J[Hrumqttd,0.00%,1.566MiB / 7.709GiB,6.78kB / 126B,0B / 0B,8
[Hrumqttd,0.00%,1.566MiB / 7.709GiB,6.78kB / 126B,0B / 0B,8 [K
 [K
[J[Hrumqttd,0.00%,1.566MiB / 7.709GiB,6.82kB / 126B,0B / 0B,8
[Hrumqttd,0.00%,1.566MiB / 7.709GiB,6.82kB / 126B,0B / 0B,8 [K
 [K
[J[Hrumqttd,0.00%,1.566MiB / 7.709GiB,6.82kB / 126B,0B / 0B,8
[Hrumqttd,0.00%,1.566MiB / 7.709GiB,6.82kB / 126B,0B / 0B,8 [K
 [K
[J[Hrumqttd,0.00%,1.566MiB / 7.709GiB,6.87kB / 126B,0B / 0B,8
[Hrumqttd,0.00%,1.566MiB / 7.709GiB,6.87kB / 126B,0B / 0B,8 [K
 [K
[J[Hrumqttd,0.00%,1.566MiB / 7.709GiB,6.87kB / 126B,0B / 0B,8
[Hrumqttd,0.00%,1.566MiB / 7.709GiB,6.87kB / 126B,0B / 0B,8 [K
 [K
[J[Hrumqttd,0.07%,1.68MiB / 7.709GiB,7.42kB / 449B,0B / 0B,8
[Hrumqttd,0.07%,1.68MiB / 7.709GiB,7.42kB / 449B,0B / 0B,8 [K
 [K
[J[Hrumqttd,0.07%,1.68MiB / 7.709GiB,7.42kB / 449B,0B / 0B,8
[Hrumqttd,0.07%,1.68MiB / 7.709GiB,7.42kB / 449B,0B / 0B,8 [K
 [K
[J[Hrumqttd,0.00%,1.68MiB / 7.709GiB,7.42kB / 449B,0B / 0B,8
[Hrumqttd,0.00%,1.68MiB / 7.709GiB,7.42kB / 449B,0B / 0B,8 [K
 [K
[J[Hrumqttd,0.00%,1.68MiB / 7.709GiB,7.42kB / 449B,0B / 0B,8
[Hrumqttd,0.00%,1.68MiB / 7.709GiB,7.42kB / 449B,0B / 0B,8 [K
 [K
[J[Hrumqttd,0.00%,1.68MiB / 7.709GiB,7.42kB / 449B,0B / 0B,8
[Hrumqttd,0.00%,1.68MiB / 7.709GiB,7.42kB / 449B,0B / 0B,8 [K
 [K
[J[Hrumqttd,0.00%,1.68MiB / 7.709GiB,7.42kB / 449B,0B / 0B,8
[Hrumqttd,0.00%,1.68MiB / 7.709GiB,7.42kB / 449B,0B / 0B,8 [K
 [K
[J[Hrumqttd,0.00%,1.676MiB / 7.709GiB,7.42kB / 449B,0B / 0B,8
[Hrumqttd,0.00%,1.676MiB / 7.709GiB,7.42kB / 449B,0B / 0B,8 [K
 [K
[J[Hrumqttd,0.00%,1.676MiB / 7.709GiB,7.42kB / 449B,0B / 0B,8
[Hrumqttd,0.00%,1.676MiB / 7.709GiB,7.42kB / 449B,0B / 0B,8 [K
 [K
[J[Hrumqttd,0.00%,1.676MiB / 7.709GiB,7.42kB / 449B,0B / 0B,8
[Hrumqttd,0.00%,1.676MiB / 7.709GiB,7.42kB / 449B,0B / 0B,8 [K
 [K
[J[Hrumqttd,0.00%,1.676MiB / 7.709GiB,7.42kB / 449B,0B / 0B,8
[Hrumqttd,0.00%,1.676MiB / 7.709GiB,7.42kB / 449B,0B / 0B,8 [K
 [K
[J[Hrumqttd,0.00%,1.676MiB / 7.709GiB,7.5kB / 491B,0B / 0B,8
[Hrumqttd,0.00%,1.676MiB / 7.709GiB,7.5kB / 491B,0B / 0B,8 [K
 [K
[J[Hrumqttd,0.00%,1.676MiB / 7.709GiB,7.5kB / 491B,0B / 0B,8
[Hrumqttd,0.00%,1.676MiB / 7.709GiB,7.5kB / 491B,0B / 0B,8 [K
 [K
[J[Hrumqttd,0.00%,1.676MiB / 7.709GiB,7.55kB / 491B,0B / 0B,8
[Hrumqttd,0.00%,1.676MiB / 7.709GiB,7.55kB / 491B,0B / 0B,8 [K
 [K
[J[Hrumqttd,0.00%,1.676MiB / 7.709GiB,7.55kB / 491B,0B / 0B,8
[Hrumqttd,0.00%,1.676MiB / 7.709GiB,7.55kB / 491B,0B / 0B,8 [K
 [K
[J[Hrumqttd,29.12%,6.754MiB / 7.709GiB,706kB / 665kB,0B / 0B,8
[Hrumqttd,29.12%,6.754MiB / 7.709GiB,706kB / 665kB,0B / 0B,8 [K
 [K
[J[Hrumqttd,29.12%,6.754MiB / 7.709GiB,706kB / 665kB,0B / 0B,8
[Hrumqttd,29.12%,6.754MiB / 7.709GiB,706kB / 665kB,0B / 0B,8 [K
 [K
[J[Hrumqttd,96.10%,14.77MiB / 7.709GiB,4.55MB / 4.24MB,0B / 0B,8
[Hrumqttd,96.10%,14.77MiB / 7.709GiB,4.55MB / 4.24MB,0B / 0B,8 [K
 [K
[J[Hrumqttd,96.10%,14.77MiB / 7.709GiB,4.55MB / 4.24MB,0B / 0B,8
[Hrumqttd,96.10%,14.77MiB / 7.709GiB,4.55MB / 4.24MB,0B / 0B,8 [K
 [K
[J[Hrumqttd,96.05%,20.49MiB / 7.709GiB,8.81MB / 8.2MB,0B / 0B,8
[Hrumqttd,96.05%,20.49MiB / 7.709GiB,8.81MB / 8.2MB,0B / 0B,8 [K
 [K
[J[Hrumqttd,96.05%,20.49MiB / 7.709GiB,8.81MB / 8.2MB,0B / 0B,8
[Hrumqttd,96.05%,20.49MiB / 7.709GiB,8.81MB / 8.2MB,0B / 0B,8 [K
 [K
[J[Hrumqttd,93.20%,26.13MiB / 7.709GiB,13.1MB / 12.2MB,0B / 0B,8
[Hrumqttd,93.20%,26.13MiB / 7.709GiB,13.1MB / 12.2MB,0B / 0B,8 [K
 [K
[J[Hrumqttd,93.20%,26.13MiB / 7.709GiB,13.1MB / 12.2MB,0B / 0B,8
[Hrumqttd,93.20%,26.13MiB / 7.709GiB,13.1MB / 12.2MB,0B / 0B,8 [K
 [K
[J[Hrumqttd,94.47%,31.41MiB / 7.709GiB,17.3MB / 16.1MB,0B / 0B,8
[Hrumqttd,94.47%,31.41MiB / 7.709GiB,17.3MB / 16.1MB,0B / 0B,8 [K
 [K
[J[Hrumqttd,94.47%,31.41MiB / 7.709GiB,17.3MB / 16.1MB,0B / 0B,8
[Hrumqttd,94.47%,31.41MiB / 7.709GiB,17.3MB / 16.1MB,0B / 0B,8 [K
 [K
[J[Hrumqttd,94.26%,36.95MiB / 7.709GiB,21.6MB / 20.1MB,0B / 0B,8
[Hrumqttd,94.26%,36.95MiB / 7.709GiB,21.6MB / 20.1MB,0B / 0B,8 [K
 [K
[J[Hrumqttd,94.26%,36.95MiB / 7.709GiB,21.6MB / 20.1MB,0B / 0B,8
[Hrumqttd,94.26%,36.95MiB / 7.709GiB,21.6MB / 20.1MB,0B / 0B,8 [K
 [K
[J[Hrumqttd,94.22%,42.07MiB / 7.709GiB,25.8MB / 24.1MB,0B / 0B,8
[Hrumqttd,94.22%,42.07MiB / 7.709GiB,25.8MB / 24.1MB,0B / 0B,8 [K
 [K
[J[Hrumqttd,94.22%,42.07MiB / 7.709GiB,25.8MB / 24.1MB,0B / 0B,8
[Hrumqttd,94.22%,42.07MiB / 7.709GiB,25.8MB / 24.1MB,0B / 0B,8 [K
 [K
[J[Hrumqttd,94.98%,47.36MiB / 7.709GiB,30.1MB / 28MB,0B / 0B,8
[Hrumqttd,94.98%,47.36MiB / 7.709GiB,30.1MB / 28MB,0B / 0B,8 [K
 [K
[J[Hrumqttd,94.98%,47.36MiB / 7.709GiB,30.1MB / 28MB,0B / 0B,8
[Hrumqttd,94.98%,47.36MiB / 7.709GiB,30.1MB / 28MB,0B / 0B,8 [K
 [K
[J[Hrumqttd,95.47%,52.93MiB / 7.709GiB,34.4MB / 32MB,0B / 0B,8
[Hrumqttd,95.47%,52.93MiB / 7.709GiB,34.4MB / 32MB,0B / 0B,8 [K
 [K
[J[Hrumqttd,95.47%,52.93MiB / 7.709GiB,34.4MB / 32MB,0B / 0B,8
[Hrumqttd,95.47%,52.93MiB / 7.709GiB,34.4MB / 32MB,0B / 0B,8 [K
 [K
[J[Hrumqttd,90.41%,58.61MiB / 7.709GiB,38.6MB / 35.9MB,0B / 0B,8
[Hrumqttd,90.41%,58.61MiB / 7.709GiB,38.6MB / 35.9MB,0B / 0B,8 [K
 [K
[J[Hrumqttd,90.41%,58.61MiB / 7.709GiB,38.6MB / 35.9MB,0B / 0B,8
[Hrumqttd,90.41%,58.61MiB / 7.709GiB,38.6MB / 35.9MB,0B / 0B,8 [K
 [K
[J[Hrumqttd,84.74%,64.08MiB / 7.709GiB,42.9MB / 39.9MB,0B / 0B,8
[Hrumqttd,84.74%,64.08MiB / 7.709GiB,42.9MB / 39.9MB,0B / 0B,8 [K
 [K
[J[Hrumqttd,84.74%,64.08MiB / 7.709GiB,42.9MB / 39.9MB,0B / 0B,8
[Hrumqttd,84.74%,64.08MiB / 7.709GiB,42.9MB / 39.9MB,0B / 0B,8 [K
 [K
[J[Hrumqttd,86.57%,69.54MiB / 7.709GiB,47.1MB / 43.9MB,0B / 0B,8
[Hrumqttd,86.57%,69.54MiB / 7.709GiB,47.1MB / 43.9MB,0B / 0B,8 [K
 [K
[J[Hrumqttd,86.57%,69.54MiB / 7.709GiB,47.1MB / 43.9MB,0B / 0B,8
[Hrumqttd,86.57%,69.54MiB / 7.709GiB,47.1MB / 43.9MB,0B / 0B,8 [K
 [K
[J[Hrumqttd,87.73%,74.68MiB / 7.709GiB,51.4MB / 47.8MB,0B / 0B,8
[Hrumqttd,87.73%,74.68MiB / 7.709GiB,51.4MB / 47.8MB,0B / 0B,8 [K
 [K
[J[Hrumqttd,87.73%,74.68MiB / 7.709GiB,51.4MB / 47.8MB,0B / 0B,8
[Hrumqttd,87.73%,74.68MiB / 7.709GiB,51.4MB / 47.8MB,0B / 0B,8 [K
 [K
[J[Hrumqttd,90.86%,79.9MiB / 7.709GiB,55.6MB / 51.8MB,0B / 0B,8
[Hrumqttd,90.86%,79.9MiB / 7.709GiB,55.6MB / 51.8MB,0B / 0B,8 [K
 [K
[J[Hrumqttd,90.86%,79.9MiB / 7.709GiB,55.6MB / 51.8MB,0B / 0B,8
[Hrumqttd,90.86%,79.9MiB / 7.709GiB,55.6MB / 51.8MB,0B / 0B,8 [K
 [K
[J[Hrumqttd,88.11%,85.64MiB / 7.709GiB,59.9MB / 55.8MB,0B / 0B,8
[Hrumqttd,88.11%,85.64MiB / 7.709GiB,59.9MB / 55.8MB,0B / 0B,8 [K
 [K
[J[Hrumqttd,88.11%,85.64MiB / 7.709GiB,59.9MB / 55.8MB,0B / 0B,8
[Hrumqttd,88.11%,85.64MiB / 7.709GiB,59.9MB / 55.8MB,0B / 0B,8 [K
 [K
[J[Hrumqttd,88.20%,91.03MiB / 7.709GiB,64.2MB / 59.7MB,0B / 0B,8
[Hrumqttd,88.20%,91.03MiB / 7.709GiB,64.2MB / 59.7MB,0B / 0B,8 [K
 [K
[J[Hrumqttd,88.20%,91.03MiB / 7.709GiB,64.2MB / 59.7MB,0B / 0B,8
[Hrumqttd,88.20%,91.03MiB / 7.709GiB,64.2MB / 59.7MB,0B / 0B,8 [K
 [K
[J[Hrumqttd,86.94%,96.7MiB / 7.709GiB,68.4MB / 63.7MB,0B / 0B,8
[Hrumqttd,86.94%,96.7MiB / 7.709GiB,68.4MB / 63.7MB,0B / 0B,8 [K
 [K
[J[Hrumqttd,86.94%,96.7MiB / 7.709GiB,68.4MB / 63.7MB,0B / 0B,8
[Hrumqttd,86.94%,96.7MiB / 7.709GiB,68.4MB / 63.7MB,0B / 0B,8 [K
 [K
[J[Hrumqttd,93.40%,102MiB / 7.709GiB,72.7MB / 67.6MB,0B / 0B,8
[Hrumqttd,93.40%,102MiB / 7.709GiB,72.7MB / 67.6MB,0B / 0B,8 [K
 [K
[J[Hrumqttd,93.40%,102MiB / 7.709GiB,72.7MB / 67.6MB,0B / 0B,8
[Hrumqttd,93.40%,102MiB / 7.709GiB,72.7MB / 67.6MB,0B / 0B,8 [K
 [K
[J[Hrumqttd,91.52%,107.4MiB / 7.709GiB,76.9MB / 71.6MB,0B / 0B,8
[Hrumqttd,91.52%,107.4MiB / 7.709GiB,76.9MB / 71.6MB,0B / 0B,8 [K
 [K
[J[Hrumqttd,91.52%,107.4MiB / 7.709GiB,76.9MB / 71.6MB,0B / 0B,8
[Hrumqttd,91.52%,107.4MiB / 7.709GiB,76.9MB / 71.6MB,0B / 0B,8 [K
 [K
[J[Hrumqttd,87.70%,113.3MiB / 7.709GiB,81.2MB / 75.5MB,0B / 0B,8
[Hrumqttd,87.70%,113.3MiB / 7.709GiB,81.2MB / 75.5MB,0B / 0B,8 [K
 [K
[J[Hrumqttd,87.70%,113.3MiB / 7.709GiB,81.2MB / 75.5MB,0B / 0B,8
[Hrumqttd,87.70%,113.3MiB / 7.709GiB,81.2MB / 75.5MB,0B / 0B,8 [K
 [K
[J[Hrumqttd,89.67%,118.3MiB / 7.709GiB,85.5MB / 79.5MB,0B / 0B,8
[Hrumqttd,89.67%,118.3MiB / 7.709GiB,85.5MB / 79.5MB,0B / 0B,8 [K
 [K
[J[Hrumqttd,89.67%,118.3MiB / 7.709GiB,85.5MB / 79.5MB,0B / 0B,8
[Hrumqttd,89.67%,118.3MiB / 7.709GiB,85.5MB / 79.5MB,0B / 0B,8 [K
 [K
[J[Hrumqttd,90.56%,124.1MiB / 7.709GiB,89.7MB / 83.5MB,0B / 0B,8
[Hrumqttd,90.56%,124.1MiB / 7.709GiB,89.7MB / 83.5MB,0B / 0B,8 [K
 [K
[J[Hrumqttd,90.56%,124.1MiB / 7.709GiB,89.7MB / 83.5MB,0B / 0B,8
[Hrumqttd,90.56%,124.1MiB / 7.709GiB,89.7MB / 83.5MB,0B / 0B,8 [K
 [K
[J[Hrumqttd,88.94%,129.4MiB / 7.709GiB,94MB / 87.4MB,0B / 0B,8
[Hrumqttd,88.94%,129.4MiB / 7.709GiB,94MB / 87.4MB,0B / 0B,8 [K
 [K
[J[Hrumqttd,88.94%,129.4MiB / 7.709GiB,94MB / 87.4MB,0B / 0B,8
[Hrumqttd,88.94%,129.4MiB / 7.709GiB,94MB / 87.4MB,0B / 0B,8 [K
 [K
[J[Hrumqttd,89.68%,135.1MiB / 7.709GiB,98.2MB / 91.4MB,0B / 0B,8
[Hrumqttd,89.68%,135.1MiB / 7.709GiB,98.2MB / 91.4MB,0B / 0B,8 [K
 [K
[J[Hrumqttd,89.68%,135.1MiB / 7.709GiB,98.2MB / 91.4MB,0B / 0B,8
[Hrumqttd,89.68%,135.1MiB / 7.709GiB,98.2MB / 91.4MB,0B / 0B,8 [K
 [K
[J[Hrumqttd,87.56%,140.1MiB / 7.709GiB,103MB / 95.3MB,0B / 0B,8
[Hrumqttd,87.56%,140.1MiB / 7.709GiB,103MB / 95.3MB,0B / 0B,8 [K
 [K
[J[Hrumqttd,87.56%,140.1MiB / 7.709GiB,103MB / 95.3MB,0B / 0B,8
[Hrumqttd,87.56%,140.1MiB / 7.709GiB,103MB / 95.3MB,0B / 0B,8 [K
 [K
[J[Hrumqttd,91.50%,145.4MiB / 7.709GiB,107MB / 99.3MB,0B / 0B,8
[Hrumqttd,91.50%,145.4MiB / 7.709GiB,107MB / 99.3MB,0B / 0B,8 [K
 [K
[J[Hrumqttd,91.50%,145.4MiB / 7.709GiB,107MB / 99.3MB,0B / 0B,8
[Hrumqttd,91.50%,145.4MiB / 7.709GiB,107MB / 99.3MB,0B / 0B,8 [K
 [K
[J[Hrumqttd,91.27%,151MiB / 7.709GiB,111MB / 103MB,0B / 0B,8
[Hrumqttd,91.27%,151MiB / 7.709GiB,111MB / 103MB,0B / 0B,8 [K
 [K
[J[Hrumqttd,91.27%,151MiB / 7.709GiB,111MB / 103MB,0B / 0B,8
[Hrumqttd,91.27%,151MiB / 7.709GiB,111MB / 103MB,0B / 0B,8 [K
 [K
[J[Hrumqttd,89.26%,156.3MiB / 7.709GiB,115MB / 107MB,0B / 0B,8
[Hrumqttd,89.26%,156.3MiB / 7.709GiB,115MB / 107MB,0B / 0B,8 [K
 [K
[J[Hrumqttd,89.26%,156.3MiB / 7.709GiB,115MB / 107MB,0B / 0B,8
[Hrumqttd,89.26%,156.3MiB / 7.709GiB,115MB / 107MB,0B / 0B,8 [K
 [K
[J[Hrumqttd,90.05%,162.2MiB / 7.709GiB,120MB / 111MB,0B / 0B,8
[Hrumqttd,90.05%,162.2MiB / 7.709GiB,120MB / 111MB,0B / 0B,8 [K
 [K
[J[Hrumqttd,90.05%,162.2MiB / 7.709GiB,120MB / 111MB,0B / 0B,8
[Hrumqttd,90.05%,162.2MiB / 7.709GiB,120MB / 111MB,0B / 0B,8 [K
 [K
[J[Hrumqttd,91.24%,167.3MiB / 7.709GiB,124MB / 115MB,0B / 0B,8
[Hrumqttd,91.24%,167.3MiB / 7.709GiB,124MB / 115MB,0B / 0B,8 [K
 [K
[J[Hrumqttd,91.24%,167.3MiB / 7.709GiB,124MB / 115MB,0B / 0B,8
[Hrumqttd,91.24%,167.3MiB / 7.709GiB,124MB / 115MB,0B / 0B,8 [K
 [K
[J[Hrumqttd,88.40%,172.6MiB / 7.709GiB,128MB / 119MB,0B / 0B,8
[Hrumqttd,88.40%,172.6MiB / 7.709GiB,128MB / 119MB,0B / 0B,8 [K
 [K
[J[Hrumqttd,88.40%,172.6MiB / 7.709GiB,128MB / 119MB,0B / 0B,8
[Hrumqttd,88.40%,172.6MiB / 7.709GiB,128MB / 119MB,0B / 0B,8 [K
 [K
[J[Hrumqttd,87.04%,178.4MiB / 7.709GiB,132MB / 123MB,0B / 0B,8
[Hrumqttd,87.04%,178.4MiB / 7.709GiB,132MB / 123MB,0B / 0B,8 [K
 [K
[J[Hrumqttd,87.04%,178.4MiB / 7.709GiB,132MB / 123MB,0B / 0B,8
[Hrumqttd,87.04%,178.4MiB / 7.709GiB,132MB / 123MB,0B / 0B,8 [K
 [K
[J[Hrumqttd,90.39%,183.8MiB / 7.709GiB,137MB / 127MB,0B / 0B,8
[Hrumqttd,90.39%,183.8MiB / 7.709GiB,137MB / 127MB,0B / 0B,8 [K
 [K
[J[Hrumqttd,90.39%,183.8MiB / 7.709GiB,137MB / 127MB,0B / 0B,8
[Hrumqttd,90.39%,183.8MiB / 7.709GiB,137MB / 127MB,0B / 0B,8 [K
 [K
[J[Hrumqttd,88.46%,189.3MiB / 7.709GiB,141MB / 131MB,0B / 0B,8
[Hrumqttd,88.46%,189.3MiB / 7.709GiB,141MB / 131MB,0B / 0B,8 [K
 [K
[J[Hrumqttd,88.46%,189.3MiB / 7.709GiB,141MB / 131MB,0B / 0B,8
[Hrumqttd,88.46%,189.3MiB / 7.709GiB,141MB / 131MB,0B / 0B,8 [K
 [K
[J[Hrumqttd,91.87%,194.5MiB / 7.709GiB,145MB / 135MB,0B / 0B,8
[Hrumqttd,91.87%,194.5MiB / 7.709GiB,145MB / 135MB,0B / 0B,8 [K
 [K
[J[Hrumqttd,91.87%,194.5MiB / 7.709GiB,145MB / 135MB,0B / 0B,8
[Hrumqttd,91.87%,194.5MiB / 7.709GiB,145MB / 135MB,0B / 0B,8 [K
 [K
[J[Hrumqttd,92.66%,199.9MiB / 7.709GiB,149MB / 139MB,0B / 0B,8
[Hrumqttd,92.66%,199.9MiB / 7.709GiB,149MB / 139MB,0B / 0B,8 [K
 [K
[J[Hrumqttd,92.66%,199.9MiB / 7.709GiB,149MB / 139MB,0B / 0B,8
[Hrumqttd,92.66%,199.9MiB / 7.709GiB,149MB / 139MB,0B / 0B,8 [K
 [K
[J[Hrumqttd,91.65%,205.7MiB / 7.709GiB,154MB / 143MB,0B / 0B,8
[Hrumqttd,91.65%,205.7MiB / 7.709GiB,154MB / 143MB,0B / 0B,8 [K
 [K
[J[Hrumqttd,91.65%,205.7MiB / 7.709GiB,154MB / 143MB,0B / 0B,8
[Hrumqttd,91.65%,205.7MiB / 7.709GiB,154MB / 143MB,0B / 0B,8 [K
 [K
[J[Hrumqttd,90.44%,210.7MiB / 7.709GiB,158MB / 147MB,0B / 0B,8
[Hrumqttd,90.44%,210.7MiB / 7.709GiB,158MB / 147MB,0B / 0B,8 [K
 [K
[J[Hrumqttd,90.44%,210.7MiB / 7.709GiB,158MB / 147MB,0B / 0B,8
[Hrumqttd,90.44%,210.7MiB / 7.709GiB,158MB / 147MB,0B / 0B,8 [K
 [K
[J[Hrumqttd,89.50%,216.3MiB / 7.709GiB,162MB / 151MB,0B / 0B,8
[Hrumqttd,89.50%,216.3MiB / 7.709GiB,162MB / 151MB,0B / 0B,8 [K
 [K
[J[Hrumqttd,89.50%,216.3MiB / 7.709GiB,162MB / 151MB,0B / 0B,8
[Hrumqttd,89.50%,216.3MiB / 7.709GiB,162MB / 151MB,0B / 0B,8 [K
 [K
[J[Hrumqttd,91.07%,221.9MiB / 7.709GiB,166MB / 155MB,0B / 0B,8
[Hrumqttd,91.07%,221.9MiB / 7.709GiB,166MB / 155MB,0B / 0B,8 [K
 [K
[J[Hrumqttd,91.07%,221.9MiB / 7.709GiB,166MB / 155MB,0B / 0B,8
[Hrumqttd,91.07%,221.9MiB / 7.709GiB,166MB / 155MB,0B / 0B,8 [K
 [K
[J[Hrumqttd,90.35%,227.4MiB / 7.709GiB,171MB / 159MB,0B / 0B,8
[Hrumqttd,90.35%,227.4MiB / 7.709GiB,171MB / 159MB,0B / 0B,8 [K
 [K
[J[Hrumqttd,90.35%,227.4MiB / 7.709GiB,171MB / 159MB,0B / 0B,8
[Hrumqttd,90.35%,227.4MiB / 7.709GiB,171MB / 159MB,0B / 0B,8 [K
 [K
[J[Hrumqttd,90.45%,232.8MiB / 7.709GiB,175MB / 163MB,0B / 0B,8
[Hrumqttd,90.45%,232.8MiB / 7.709GiB,175MB / 163MB,0B / 0B,8 [K
 [K
[J[Hrumqttd,90.45%,232.8MiB / 7.709GiB,175MB / 163MB,0B / 0B,8
[Hrumqttd,90.45%,232.8MiB / 7.709GiB,175MB / 163MB,0B / 0B,8 [K
 [K
[J[Hrumqttd,91.13%,238MiB / 7.709GiB,179MB / 167MB,0B / 0B,8
[Hrumqttd,91.13%,238MiB / 7.709GiB,179MB / 167MB,0B / 0B,8 [K
 [K
[J[Hrumqttd,91.13%,238MiB / 7.709GiB,179MB / 167MB,0B / 0B,8
[Hrumqttd,91.13%,238MiB / 7.709GiB,179MB / 167MB,0B / 0B,8 [K
 [K
[J[Hrumqttd,86.94%,243.5MiB / 7.709GiB,183MB / 170MB,0B / 0B,8
[Hrumqttd,86.94%,243.5MiB / 7.709GiB,183MB / 170MB,0B / 0B,8 [K
 [K
[J[Hrumqttd,86.94%,243.5MiB / 7.709GiB,183MB / 170MB,0B / 0B,8
[Hrumqttd,86.94%,243.5MiB / 7.709GiB,183MB / 170MB,0B / 0B,8 [K
 [K
[J[Hrumqttd,89.98%,249.2MiB / 7.709GiB,188MB / 174MB,0B / 0B,8
[Hrumqttd,89.98%,249.2MiB / 7.709GiB,188MB / 174MB,0B / 0B,8 [K
 [K
[J[Hrumqttd,89.98%,249.2MiB / 7.709GiB,188MB / 174MB,0B / 0B,8
[Hrumqttd,89.98%,249.2MiB / 7.709GiB,188MB / 174MB,0B / 0B,8 [K
 [K
[J[Hrumqttd,91.34%,254.7MiB / 7.709GiB,192MB / 178MB,0B / 0B,8
[Hrumqttd,91.34%,254.7MiB / 7.709GiB,192MB / 178MB,0B / 0B,8 [K
 [K
[J[Hrumqttd,91.34%,254.7MiB / 7.709GiB,192MB / 178MB,0B / 0B,8
[Hrumqttd,91.34%,254.7MiB / 7.709GiB,192MB / 178MB,0B / 0B,8 [K
 [K
[J[Hrumqttd,91.89%,259.9MiB / 7.709GiB,196MB / 182MB,0B / 0B,8
[Hrumqttd,91.89%,259.9MiB / 7.709GiB,196MB / 182MB,0B / 0B,8 [K
 [K
[J[Hrumqttd,91.89%,259.9MiB / 7.709GiB,196MB / 182MB,0B / 0B,8
[Hrumqttd,91.89%,259.9MiB / 7.709GiB,196MB / 182MB,0B / 0B,8 [K
 [K
[J[Hrumqttd,91.72%,265.2MiB / 7.709GiB,200MB / 186MB,0B / 0B,8
[Hrumqttd,91.72%,265.2MiB / 7.709GiB,200MB / 186MB,0B / 0B,8 [K
 [K
[J[Hrumqttd,91.72%,265.2MiB / 7.709GiB,200MB / 186MB,0B / 0B,8
[Hrumqttd,91.72%,265.2MiB / 7.709GiB,200MB / 186MB,0B / 0B,8 [K
 [K
[J[Hrumqttd,89.76%,270.7MiB / 7.709GiB,205MB / 190MB,0B / 0B,8
[Hrumqttd,89.76%,270.7MiB / 7.709GiB,205MB / 190MB,0B / 0B,8 [K
 [K
[J[Hrumqttd,89.76%,270.7MiB / 7.709GiB,205MB / 190MB,0B / 0B,8
[Hrumqttd,89.76%,270.7MiB / 7.709GiB,205MB / 190MB,0B / 0B,8 [K
 [K
[J[Hrumqttd,91.18%,275.9MiB / 7.709GiB,209MB / 194MB,0B / 0B,8
[Hrumqttd,91.18%,275.9MiB / 7.709GiB,209MB / 194MB,0B / 0B,8 [K
 [K
[J[Hrumqttd,91.18%,275.9MiB / 7.709GiB,209MB / 194MB,0B / 0B,8
[Hrumqttd,91.18%,275.9MiB / 7.709GiB,209MB / 194MB,0B / 0B,8 [K
 [K
[J[Hrumqttd,89.60%,281.5MiB / 7.709GiB,213MB / 198MB,0B / 0B,8
[Hrumqttd,89.60%,281.5MiB / 7.709GiB,213MB / 198MB,0B / 0B,8 [K
 [K
[J[Hrumqttd,89.60%,281.5MiB / 7.709GiB,213MB / 198MB,0B / 0B,8
[Hrumqttd,89.60%,281.5MiB / 7.709GiB,213MB / 198MB,0B / 0B,8 [K
 [K
[J[Hrumqttd,87.76%,287MiB / 7.709GiB,218MB / 202MB,0B / 0B,8
[Hrumqttd,87.76%,287MiB / 7.709GiB,218MB / 202MB,0B / 0B,8 [K
 [K
[J[Hrumqttd,87.76%,287MiB / 7.709GiB,218MB / 202MB,0B / 0B,8
[Hrumqttd,87.76%,287MiB / 7.709GiB,218MB / 202MB,0B / 0B,8 [K
 [K
[J[Hrumqttd,87.50%,292.5MiB / 7.709GiB,222MB / 206MB,0B / 0B,8
[Hrumqttd,87.50%,292.5MiB / 7.709GiB,222MB / 206MB,0B / 0B,8 [K
 [K
[J[Hrumqttd,87.50%,292.5MiB / 7.709GiB,222MB / 206MB,0B / 0B,8
[Hrumqttd,87.50%,292.5MiB / 7.709GiB,222MB / 206MB,0B / 0B,8 [K
 [K
[J[Hrumqttd,89.24%,297.8MiB / 7.709GiB,226MB / 210MB,0B / 0B,8
[Hrumqttd,89.24%,297.8MiB / 7.709GiB,226MB / 210MB,0B / 0B,8 [K
 [K
[J[Hrumqttd,89.24%,297.8MiB / 7.709GiB,226MB / 210MB,0B / 0B,8
[Hrumqttd,89.24%,297.8MiB / 7.709GiB,226MB / 210MB,0B / 0B,8 [K
 [K
[J[Hrumqttd,90.07%,303.4MiB / 7.709GiB,230MB / 214MB,0B / 0B,8
[Hrumqttd,90.07%,303.4MiB / 7.709GiB,230MB / 214MB,0B / 0B,8 [K
 [K
[J[Hrumqttd,90.07%,303.4MiB / 7.709GiB,230MB / 214MB,0B / 0B,8
[Hrumqttd,90.07%,303.4MiB / 7.709GiB,230MB / 214MB,0B / 0B,8 [K
 [K
[J[Hrumqttd,90.81%,308.9MiB / 7.709GiB,235MB / 218MB,0B / 0B,8
[Hrumqttd,90.81%,308.9MiB / 7.709GiB,235MB / 218MB,0B / 0B,8 [K
 [K
[J[Hrumqttd,90.81%,308.9MiB / 7.709GiB,235MB / 218MB,0B / 0B,8
[Hrumqttd,90.81%,308.9MiB / 7.709GiB,235MB / 218MB,0B / 0B,8 [K
 [K
[J[Hrumqttd,92.51%,314.3MiB / 7.709GiB,239MB / 222MB,0B / 0B,8
[Hrumqttd,92.51%,314.3MiB / 7.709GiB,239MB / 222MB,0B / 0B,8 [K
 [K
[J[Hrumqttd,92.51%,314.3MiB / 7.709GiB,239MB / 222MB,0B / 0B,8
[Hrumqttd,92.51%,314.3MiB / 7.709GiB,239MB / 222MB,0B / 0B,8 [K
 [K
[J[Hrumqttd,89.40%,320MiB / 7.709GiB,243MB / 226MB,0B / 0B,8
[Hrumqttd,89.40%,320MiB / 7.709GiB,243MB / 226MB,0B / 0B,8 [K
 [K
[J[Hrumqttd,89.40%,320MiB / 7.709GiB,243MB / 226MB,0B / 0B,8
[Hrumqttd,89.40%,320MiB / 7.709GiB,243MB / 226MB,0B / 0B,8 [K
 [K
[J[Hrumqttd,91.98%,325.1MiB / 7.709GiB,247MB / 230MB,0B / 0B,8
[Hrumqttd,91.98%,325.1MiB / 7.709GiB,247MB / 230MB,0B / 0B,8 [K
 [K
[J[Hrumqttd,91.98%,325.1MiB / 7.709GiB,247MB / 230MB,0B / 0B,8
[Hrumqttd,91.98%,325.1MiB / 7.709GiB,247MB / 230MB,0B / 0B,8 [K
 [K
[J[Hrumqttd,73.52%,330.4MiB / 7.709GiB,251MB / 232MB,0B / 0B,8
[Hrumqttd,73.52%,330.4MiB / 7.709GiB,251MB / 232MB,0B / 0B,8 [K
 [K
[J[Hrumqttd,73.52%,330.4MiB / 7.709GiB,251MB / 232MB,0B / 0B,8
[Hrumqttd,73.52%,330.4MiB / 7.709GiB,251MB / 232MB,0B / 0B,8 [K
 [K
[J[Hrumqttd,26.76%,327MiB / 7.709GiB,253MB / 232MB,0B / 0B,8
[Hrumqttd,26.76%,327MiB / 7.709GiB,253MB / 232MB,0B / 0B,8 [K
 [K
[J[Hrumqttd,26.76%,327MiB / 7.709GiB,253MB / 232MB,0B / 0B,8
[Hrumqttd,26.76%,327MiB / 7.709GiB,253MB / 232MB,0B / 0B,8 [K
 [K
[J[Hrumqttd,0.00%,327MiB / 7.709GiB,253MB / 232MB,0B / 0B,8
[Hrumqttd,0.00%,327MiB / 7.709GiB,253MB / 232MB,0B / 0B,8 [K
 [K
[J[Hrumqttd,--,-- / --,--,--,--
[Hrumqttd,--,-- / --,--,--,-- [K
 [K
[J[Hrumqttd,--,-- / --,--,--,--
[Hrumqttd,--,-- / --,--,--,-- [K
 [K
[J[Hrumqttd,--,-- / --,--,--,--
[Hrumqttd,--,-- / --,--,--,-- [K
 [K
[J[Hrumqttd,--,-- / --,--,--,--
[Hrumqttd,--,-- / --,--,--,-- [K
 [K
[J[Hrumqttd,--,-- / --,--,--,--
[Hrumqttd,--,-- / --,--,--,-- [K
 [K
[J[Hrumqttd,--,-- / --,--,--,--
[Hrumqttd,--,-- / --,--,--,-- [K
 [K
[J[Hrumqttd,--,-- / --,--,--,--
[Hrumqttd,--,-- / --,--,--,-- [K
 [K
[J[Hrumqttd,--,-- / --,--,--,--
[Hrumqttd,--,-- / --,--,--,-- [K
 [K
[J[Hrumqttd,--,-- / --,--,--,--
[Hrumqttd,--,-- / --,--,--,-- [K
 [K
[J[Hrumqttd,--,-- / --,--,--,--
[Hrumqttd,--,-- / --,--,--,-- [K
 [K
[J[Hrumqttd,--,-- / --,--,--,--
[Hrumqttd,--,-- / --,--,--,-- [K
 [K
[J[Hrumqttd,--,-- / --,--,--,--
[Hrumqttd,--,-- / --,--,--,-- [K
 [K
[J[Hrumqttd,--,-- / --,--,--,--
[Hrumqttd,--,-- / --,--,--,-- [K
 [K
[J[Hrumqttd,--,-- / --,--,--,--
[Hrumqttd,--,-- / --,--,--,-- [K
 [K
[J[Hrumqttd,--,-- / --,--,--,--
[Hrumqttd,--,-- / --,--,--,-- [K
 [K
[J[Hrumqttd,--,-- / --,--,--,--
[Hrumqttd,--,-- / --,--,--,-- [K
 [K
[J[Hrumqttd,--,-- / --,--,--,--
[Hrumqttd,--,-- / --,--,--,-- [K
 [K
[J[Hrumqttd,--,-- / --,--,--,--
[Hrumqttd,--,-- / --,--,--,-- [K
 [K
[J[Hrumqttd,--,-- / --,--,--,--
[Hrumqttd,--,-- / --,--,--,-- [K
 [K
[J[Hrumqttd,--,-- / --,--,--,--
[Hrumqttd,--,-- / --,--,--,-- [K
 [K
[J[Hrumqttd,--,-- / --,--,--,--
[Hrumqttd,--,-- / --,--,--,-- [K
 [K
[J[Hrumqttd,--,-- / --,--,--,--
[Hrumqttd,--,-- / --,--,--,-- [K
 [K
[J[Hrumqttd,--,-- / --,--,--,--
[Hrumqttd,--,-- / --,--,--,-- [K
 [K
[J[Hrumqttd,--,-- / --,--,--,--
[Hrumqttd,--,-- / --,--,--,-- [K
 [K
[J[Hrumqttd,--,-- / --,--,--,--
[Hrumqttd,--,-- / --,--,--,-- [K
 [K
[J[Hrumqttd,--,-- / --,--,--,--
[Hrumqttd,--,-- / --,--,--,-- [K
 [K
[J[Hrumqttd,--,-- / --,--,--,--
[Hrumqttd,--,-- / --,--,--,-- [K
 [K
[J[Hrumqttd,--,-- / --,--,--,--
[Hrumqttd,--,-- / --,--,--,-- [K
 [K
[J[Hrumqttd,--,-- / --,--,--,--
[Hrumqttd,--,-- / --,--,--,-- [K
 [K
[J[Hrumqttd,--,-- / --,--,--,--
[Hrumqttd,--,-- / --,--,--,-- [K
 [K
[J[Hrumqttd,--,-- / --,--,--,--
[Hrumqttd,--,-- / --,--,--,-- [K
 [K
[J[Hrumqttd,--,-- / --,--,--,--
[Hrumqttd,--,-- / --,--,--,-- [K
 [K
[J[Hrumqttd,--,-- / --,--,--,--
[Hrumqttd,--,-- / --,--,--,-- [K
 [K
[J[Hrumqttd,--,-- / --,--,--,--
[Hrumqttd,--,-- / --,--,--,-- [K
 [K
[J[Hrumqttd,--,-- / --,--,--,--
[Hrumqttd,--,-- / --,--,--,-- [K
 [K
[J[Hrumqttd,--,-- / --,--,--,--
[Hrumqttd,--,-- / --,--,--,-- [K
 [K
[J[Hrumqttd,--,-- / --,--,--,--
[Hrumqttd,--,-- / --,--,--,-- [K
 [K
[J[Hrumqttd,--,-- / --,--,--,--
[Hrumqttd,--,-- / --,--,--,-- [K
 [K
[J[Hrumqttd,--,-- / --,--,--,--
[Hrumqttd,--,-- / --,--,--,-- [K
 [K
[J[Hrumqttd,--,-- / --,--,--,--
[Hrumqttd,--,-- / --,--,--,-- [K
 [K
[J[Hrumqttd,--,-- / --,--,--,--
[Hrumqttd,--,-- / --,--,--,-- [K
 [K
[J[Hrumqttd,--,-- / --,--,--,--
[Hrumqttd,--,-- / --,--,--,-- [K
 [K
[J[Hrumqttd,--,-- / --,--,--,--
[Hrumqttd,--,-- / --,--,--,-- [K
 [K
[J[Hrumqttd,--,-- / --,--,--,--
[Hrumqttd,--,-- / --,--,--,-- [K
 [K
[J[Hrumqttd,--,-- / --,--,--,--
[Hrumqttd,--,-- / --,--,--,-- [K
 [K
[J[Hrumqttd,--,-- / --,--,--,--
[Hrumqttd,--,-- / --,--,--,-- [K
 [K
[J[Hrumqttd,--,-- / --,--,--,--
[Hrumqttd,--,-- / --,--,--,-- [K
 [K
[J[Hrumqttd,--,-- / --,--,--,--
[Hrumqttd,--,-- / --,--,--,-- [K
 [K
[J[Hrumqttd,--,-- / --,--,--,--
[Hrumqttd,--,-- / --,--,--,-- [K
 [K
[J[Hrumqttd,--,-- / --,--,--,--
[Hrumqttd,--,-- / --,--,--,-- [K
 [K
[J[Hrumqttd,--,-- / --,--,--,--
[Hrumqttd,--,-- / --,--,--,-- [K
 [K
[J[Hrumqttd,--,-- / --,--,--,--
[Hrumqttd,--,-- / --,--,--,-- [K
 [K
[J[Hrumqttd,--,-- / --,--,--,--
[Hrumqttd,--,-- / --,--,--,-- [K
 [K
[J[Hrumqttd,--,-- / --,--,--,--
[Hrumqttd,--,-- / --,--,--,-- [K
 [K
[J[Hrumqttd,--,-- / --,--,--,--
[Hrumqttd,--,-- / --,--,--,-- [K
 [K
[J[Hrumqttd,--,-- / --,--,--,--
[Hrumqttd,--,-- / --,--,--,-- [K
 [K
[J[Hrumqttd,--,-- / --,--,--,--
[Hrumqttd,--,-- / --,--,--,-- [K
 [K
[J[Hrumqttd,--,-- / --,--,--,--
[Hrumqttd,--,-- / --,--,--,-- [K
 [K
[J[Hrumqttd,--,-- / --,--,--,--
[Hrumqttd,--,-- / --,--,--,-- [K
 [K
[J[Hrumqttd,--,-- / --,--,--,--
[Hrumqttd,--,-- / --,--,--,-- [K
 [K
[J[Hrumqttd,--,-- / --,--,--,--
[Hrumqttd,--,-- / --,--,--,-- [K
 [K
[J[Hrumqttd,--,-- / --,--,--,--
[Hrumqttd,--,-- / --,--,--,-- [K
 [K
[J[Hrumqttd,--,-- / --,--,--,--
[Hrumqttd,--,-- / --,--,--,-- [K
 [K
[J[Hrumqttd,--,-- / --,--,--,--
[Hrumqttd,--,-- / --,--,--,-- [K
 [K
[J[Hrumqttd,--,-- / --,--,--,--
[Hrumqttd,--,-- / --,--,--,-- [K
 [K
[J[Hrumqttd,--,-- / --,--,--,--
[Hrumqttd,--,-- / --,--,--,-- [K
 [K
[J[Hrumqttd,--,-- / --,--,--,--
[Hrumqttd,--,-- / --,--,--,-- [K
 [K
[J[Hrumqttd,--,-- / --,--,--,--
[Hrumqttd,--,-- / --,--,--,-- [K
 [K
[J[Hrumqttd,--,-- / --,--,--,--
[Hrumqttd,--,-- / --,--,--,-- [K
 [K
[J[Hrumqttd,--,-- / --,--,--,--
[Hrumqttd,--,-- / --,--,--,-- [K
 [K
[J[Hrumqttd,--,-- / --,--,--,--
[Hrumqttd,--,-- / --,--,--,-- [K
 [K
[J[Hrumqttd,--,-- / --,--,--,--
[Hrumqttd,--,-- / --,--,--,-- [K
 [K
[J[Hrumqttd,--,-- / --,--,--,--
[Hrumqttd,--,-- / --,--,--,-- [K
 [K
[J[Hrumqttd,--,-- / --,--,--,--
[Hrumqttd,--,-- / --,--,--,-- [K
 [K
[J[Hrumqttd,--,-- / --,--,--,--
[Hrumqttd,--,-- / --,--,--,-- [K
 [K
[J[Hrumqttd,--,-- / --,--,--,--
[Hrumqttd,--,-- / --,--,--,-- [K
 [K
[J[Hrumqttd,--,-- / --,--,--,--
[Hrumqttd,--,-- / --,--,--,-- [K
 [K
[J[Hrumqttd,--,-- / --,--,--,--
[Hrumqttd,--,-- / --,--,--,-- [K
 [K
[J[Hrumqttd,--,-- / --,--,--,--
[Hrumqttd,--,-- / --,--,--,-- [K
 [K
[J[Hrumqttd,--,-- / --,--,--,--
[Hrumqttd,--,-- / --,--,--,-- [K
 [K
[J[Hrumqttd,--,-- / --,--,--,--
[Hrumqttd,--,-- / --,--,--,-- [K
 [K
[J[Hrumqttd,--,-- / --,--,--,--
[Hrumqttd,--,-- / --,--,--,-- [K
 [K
[J[Hrumqttd,--,-- / --,--,--,--
[Hrumqttd,--,-- / --,--,--,-- [K
 [K
[J[Hrumqttd,--,-- / --,--,--,--
[Hrumqttd,--,-- / --,--,--,-- [K
 [K
[J[Hrumqttd,--,-- / --,--,--,--
[Hrumqttd,--,-- / --,--,--,-- [K
 [K
[J[Hrumqttd,--,-- / --,--,--,--
[Hrumqttd,--,-- / --,--,--,-- [K
 [K
[J[Hrumqttd,--,-- / --,--,--,--
[Hrumqttd,--,-- / --,--,--,-- [K
 [K
[J[Hrumqttd,--,-- / --,--,--,--
[Hrumqttd,--,-- / --,--,--,-- [K
 [K
[J[Hrumqttd,--,-- / --,--,--,--
[Hrumqttd,--,-- / --,--,--,-- [K
 [K
[J[Hrumqttd,--,-- / --,--,--,--
[Hrumqttd,--,-- / --,--,--,-- [K
 [K
[J[Hrumqttd,--,-- / --,--,--,--
[Hrumqttd,--,-- / --,--,--,-- [K
 [K
[J[Hrumqttd,--,-- / --,--,--,--
[Hrumqttd,--,-- / --,--,--,-- [K
 [K
[J[Hrumqttd,--,-- / --,--,--,--
[Hrumqttd,--,-- / --,--,--,-- [K
 [K
[J[Hrumqttd,--,-- / --,--,--,--
[Hrumqttd,--,-- / --,--,--,-- [K
 [K
[J[Hrumqttd,--,-- / --,--,--,--
[Hrumqttd,--,-- / --,--,--,-- [K
 [K
[J[Hrumqttd,--,-- / --,--,--,--
[Hrumqttd,--,-- / --,--,--,-- [K
 [K
[J[Hrumqttd,--,-- / --,--,--,--
[Hrumqttd,--,-- / --,--,--,-- [K
 [K
[J[Hrumqttd,--,-- / --,--,--,--
[Hrumqttd,--,-- / --,--,--,-- [K
 [K
[J[Hrumqttd,--,-- / --,--,--,--
[Hrumqttd,--,-- / --,--,--,-- [K
 [K
[J[Hrumqttd,--,-- / --,--,--,--
[Hrumqttd,--,-- / --,--,--,-- [K
 [K
[J[Hrumqttd,--,-- / --,--,--,--
[Hrumqttd,--,-- / --,--,--,-- [K
 [K
[J[Hrumqttd,--,-- / --,--,--,--
[Hrumqttd,--,-- / --,--,--,-- [K
 [K
[J[Hrumqttd,--,-- / --,--,--,--
[Hrumqttd,--,-- / --,--,--,-- [K
 [K
[J[Hrumqttd,--,-- / --,--,--,--
[Hrumqttd,--,-- / --,--,--,-- [K
 [K
[J[Hrumqttd,--,-- / --,--,--,--
[Hrumqttd,--,-- / --,--,--,-- [K
 [K
[J[Hrumqttd,--,-- / --,--,--,--
[Hrumqttd,--,-- / --,--,--,-- [K
 [K
[J[Hrumqttd,--,-- / --,--,--,--
[Hrumqttd,--,-- / --,--,--,-- [K
 [K
[J[Hrumqttd,--,-- / --,--,--,--
[Hrumqttd,--,-- / --,--,--,-- [K
 [K
[J[Hrumqttd,--,-- / --,--,--,--
[Hrumqttd,--,-- / --,--,--,-- [K
 [K
[J[Hrumqttd,--,-- / --,--,--,--
[Hrumqttd,--,-- / --,--,--,-- [K
 [K
[J[Hrumqttd,--,-- / --,--,--,--
[Hrumqttd,--,-- / --,--,--,-- [K
 [K
[J[Hrumqttd,--,-- / --,--,--,--
[Hrumqttd,--,-- / --,--,--,-- [K
 [K
[J[Hrumqttd,--,-- / --,--,--,--
[Hrumqttd,--,-- / --,--,--,-- [K
 [K
[J[Hrumqttd,--,-- / --,--,--,--
[Hrumqttd,--,-- / --,--,--,-- [K
 [K
[J[Hrumqttd,--,-- / --,--,--,--
[Hrumqttd,--,-- / --,--,--,-- [K
 [K
[J[Hrumqttd,--,-- / --,--,--,--
[Hrumqttd,--,-- / --,--,--,-- [K
 [K
[J[Hrumqttd,--,-- / --,--,--,--
[Hrumqttd,--,-- / --,--,--,-- [K
 [K
[J[Hrumqttd,--,-- / --,--,--,--
[Hrumqttd,--,-- / --,--,--,-- [K
 [K
[J[Hrumqttd,--,-- / --,--,--,--
[Hrumqttd,--,-- / --,--,--,-- [K
 [K
[J[Hrumqttd,--,-- / --,--,--,--
[Hrumqttd,--,-- / --,--,--,-- [K
 [K
[J[Hrumqttd,--,-- / --,--,--,--
[Hrumqttd,--,-- / --,--,--,-- [K
 [K
[J[Hrumqttd,--,-- / --,--,--,--
[Hrumqttd,--,-- / --,--,--,-- [K
 [K
[J[Hrumqttd,--,-- / --,--,--,--
[Hrumqttd,--,-- / --,--,--,-- [K
 [K
[J[Hrumqttd,--,-- / --,--,--,--
[Hrumqttd,--,-- / --,--,--,-- [K
 [K
[J[Hrumqttd,--,-- / --,--,--,--
[Hrumqttd,--,-- / --,--,--,-- [K
 [K
[J[Hrumqttd,--,-- / --,--,--,--
[Hrumqttd,--,-- / --,--,--,-- [K
 [K
[J[Hrumqttd,--,-- / --,--,--,--
[Hrumqttd,--,-- / --,--,--,-- [K
 [K
[J[Hrumqttd,--,-- / --,--,--,--
[Hrumqttd,--,-- / --,--,--,-- [K
 [K
[J[Hrumqttd,--,-- / --,--,--,--
[Hrumqttd,--,-- / --,--,--,-- [K
 [K
[J[Hrumqttd,--,-- / --,--,--,--
[Hrumqttd,--,-- / --,--,--,-- [K
 [K
[J[Hrumqttd,--,-- / --,--,--,--
[Hrumqttd,--,-- / --,--,--,-- [K
 [K
[J[Hrumqttd,--,-- / --,--,--,--
[Hrumqttd,--,-- / --,--,--,-- [K
 [K
[J[Hrumqttd,--,-- / --,--,--,--
[Hrumqttd,--,-- / --,--,--,-- [K
 [K
[J[Hrumqttd,--,-- / --,--,--,--
[Hrumqttd,--,-- / --,--,--,-- [K
 [K
[J[Hrumqttd,--,-- / --,--,--,--
[Hrumqttd,--,-- / --,--,--,-- [K
 [K
[J[Hrumqttd,--,-- / --,--,--,--
[Hrumqttd,--,-- / --,--,--,-- [K
 [K
[J[Hrumqttd,--,-- / --,--,--,--
[Hrumqttd,--,-- / --,--,--,-- [K
 [K
[J[Hrumqttd,--,-- / --,--,--,--
[Hrumqttd,--,-- / --,--,--,-- [K
 [K
[J[Hrumqttd,--,-- / --,--,--,--
[Hrumqttd,--,-- / --,--,--,-- [K
 [K
[J[Hrumqttd,--,-- / --,--,--,--
[Hrumqttd,--,-- / --,--,--,-- [K
 [K
[J[Hrumqttd,--,-- / --,--,--,--
[Hrumqttd,--,-- / --,--,--,-- [K
 [K
[J[Hrumqttd,--,-- / --,--,--,--
[Hrumqttd,--,-- / --,--,--,-- [K
 [K
[J[Hrumqttd,--,-- / --,--,--,--
[Hrumqttd,--,-- / --,--,--,-- [K
 [K
[J[Hrumqttd,--,-- / --,--,--,--
[Hrumqttd,--,-- / --,--,--,-- [K
 [K
[J[Hrumqttd,--,-- / --,--,--,--
[Hrumqttd,--,-- / --,--,--,-- [K
 [K
[J[Hrumqttd,--,-- / --,--,--,--
[Hrumqttd,--,-- / --,--,--,-- [K
 [K
[J[Hrumqttd,--,-- / --,--,--,--
[Hrumqttd,--,-- / --,--,--,-- [K
 [K
[J[Hrumqttd,--,-- / --,--,--,--
[Hrumqttd,--,-- / --,--,--,-- [K
 [K
[J[Hrumqttd,--,-- / --,--,--,--
[Hrumqttd,--,-- / --,--,--,-- [K
 [K
[J[Hrumqttd,--,-- / --,--,--,--
[Hrumqttd,--,-- / --,--,--,-- [K
 [K
[J[Hrumqttd,--,-- / --,--,--,--
[Hrumqttd,--,-- / --,--,--,-- [K
 [K
[J[Hrumqttd,--,-- / --,--,--,--
[Hrumqttd,--,-- / --,--,--,-- [K
 [K
[J[Hrumqttd,--,-- / --,--,--,--
[Hrumqttd,--,-- / --,--,--,-- [K
 [K
[J[Hrumqttd,--,-- / --,--,--,--
[Hrumqttd,--,-- / --,--,--,-- [K
 [K
[J[Hrumqttd,--,-- / --,--,--,--
[Hrumqttd,--,-- / --,--,--,-- [K
 [K
[J[Hrumqttd,--,-- / --,--,--,--
[Hrumqttd,--,-- / --,--,--,-- [K
 [K
[J[Hrumqttd,--,-- / --,--,--,--
[Hrumqttd,--,-- / --,--,--,-- [K
 [K
[J[Hrumqttd,--,-- / --,--,--,--
[Hrumqttd,--,-- / --,--,--,-- [K
 [K
[J[Hrumqttd,--,-- / --,--,--,--
[Hrumqttd,--,-- / --,--,--,-- [K
 [K
[J[Hrumqttd,--,-- / --,--,--,--
[Hrumqttd,--,-- / --,--,--,-- [K
 [K
[J[Hrumqttd,--,-- / --,--,--,--
[Hrumqttd,--,-- / --,--,--,-- [K
 [K
[J[Hrumqttd,--,-- / --,--,--,--
[Hrumqttd,--,-- / --,--,--,-- [K
 [K
[J[Hrumqttd,--,-- / --,--,--,--
[Hrumqttd,--,-- / --,--,--,-- [K
 [K
[J[Hrumqttd,--,-- / --,--,--,--
[Hrumqttd,--,-- / --,--,--,-- [K
 [K
[J[Hrumqttd,--,-- / --,--,--,--
[Hrumqttd,--,-- / --,--,--,-- [K
 [K
[J[Hrumqttd,--,-- / --,--,--,--
[Hrumqttd,--,-- / --,--,--,-- [K
 [K
[J[Hrumqttd,--,-- / --,--,--,--
[Hrumqttd,--,-- / --,--,--,-- [K
 [K
[J[Hrumqttd,--,-- / --,--,--,--
[Hrumqttd,--,-- / --,--,--,-- [K
 [K
[J[Hrumqttd,--,-- / --,--,--,--
[Hrumqttd,--,-- / --,--,--,-- [K
 [K
[J[Hrumqttd,--,-- / --,--,--,--
[Hrumqttd,--,-- / --,--,--,-- [K
 [K
[J[Hrumqttd,--,-- / --,--,--,--
[Hrumqttd,--,-- / --,--,--,-- [K
 [K
[J[Hrumqttd,--,-- / --,--,--,--
[Hrumqttd,--,-- / --,--,--,-- [K
 [K
[J[Hrumqttd,--,-- / --,--,--,--
[Hrumqttd,--,-- / --,--,--,-- [K
 [K
[J[Hrumqttd,--,-- / --,--,--,--
[Hrumqttd,--,-- / --,--,--,-- [K
 [K
[J[Hrumqttd,--,-- / --,--,--,--
[Hrumqttd,--,-- / --,--,--,-- [K
 [K
[J[Hrumqttd,--,-- / --,--,--,--
[Hrumqttd,--,-- / --,--,--,-- [K
 [K
[J[Hrumqttd,--,-- / --,--,--,--
[Hrumqttd,--,-- / --,--,--,-- [K
 [K
[J[Hrumqttd,--,-- / --,--,--,--
[Hrumqttd,--,-- / --,--,--,-- [K
 [K
[J[Hrumqttd,--,-- / --,--,--,--
[Hrumqttd,--,-- / --,--,--,-- [K
 [K
[J[Hrumqttd,--,-- / --,--,--,--
[Hrumqttd,--,-- / --,--,--,-- [K
 [K
[J[Hrumqttd,--,-- / --,--,--,--
[Hrumqttd,--,-- / --,--,--,-- [K
 [K
[J[Hrumqttd,--,-- / --,--,--,--
[Hrumqttd,--,-- / --,--,--,-- [K
 [K
[J[Hrumqttd,--,-- / --,--,--,--
[Hrumqttd,--,-- / --,--,--,-- [K
 [K
[J[Hrumqttd,--,-- / --,--,--,--
[Hrumqttd,--,-- / --,--,--,-- [K
 [K
[J[Hrumqttd,--,-- / --,--,--,--
[Hrumqttd,--,-- / --,--,--,-- [K
 [K
[J[Hrumqttd,--,-- / --,--,--,--
[Hrumqttd,--,-- / --,--,--,-- [K
 [K
[J[Hrumqttd,--,-- / --,--,--,--
[Hrumqttd,--,-- / --,--,--,-- [K
 [K
[J[Hrumqttd,--,-- / --,--,--,--
[Hrumqttd,--,-- / --,--,--,-- [K
 [K
[J[Hrumqttd,--,-- / --,--,--,--
[Hrumqttd,--,-- / --,--,--,-- [K
 [K
[J[Hrumqttd,--,-- / --,--,--,--
[Hrumqttd,--,-- / --,--,--,-- [K
 [K
[J[Hrumqttd,--,-- / --,--,--,--
[Hrumqttd,--,-- / --,--,--,-- [K
 [K
[J[Hrumqttd,--,-- / --,--,--,--
[Hrumqttd,--,-- / --,--,--,-- [K
 [K
[J[Hrumqttd,--,-- / --,--,--,--
[Hrumqttd,--,-- / --,--,--,-- [K
 [K
[J[Hrumqttd,--,-- / --,--,--,--
[Hrumqttd,--,-- / --,--,--,-- [K
 [K
[J[Hrumqttd,--,-- / --,--,--,--
[Hrumqttd,--,-- / --,--,--,-- [K
 [K
[J[Hrumqttd,--,-- / --,--,--,--
[Hrumqttd,--,-- / --,--,--,-- [K
 [K
[J[Hrumqttd,--,-- / --,--,--,--
[Hrumqttd,--,-- / --,--,--,-- [K
 [K
[J[Hrumqttd,--,-- / --,--,--,--
[Hrumqttd,--,-- / --,--,--,-- [K
 [K
[J[Hrumqttd,--,-- / --,--,--,--
[Hrumqttd,--,-- / --,--,--,-- [K
 [K
[J[Hrumqttd,--,-- / --,--,--,--
[Hrumqttd,--,-- / --,--,--,-- [K
 [K
[J[Hrumqttd,--,-- / --,--,--,--
[Hrumqttd,--,-- / --,--,--,-- [K
 [K
[J[Hrumqttd,--,-- / --,--,--,--
[Hrumqttd,--,-- / --,--,--,-- [K
 [K
[J[Hrumqttd,--,-- / --,--,--,--
[Hrumqttd,--,-- / --,--,--,-- [K
 [K
[J[Hrumqttd,--,-- / --,--,--,--
[Hrumqttd,--,-- / --,--,--,-- [K
 [K
[J[Hrumqttd,--,-- / --,--,--,--
[Hrumqttd,--,-- / --,--,--,-- [K
 [K
[J[Hrumqttd,--,-- / --,--,--,--
[Hrumqttd,--,-- / --,--,--,-- [K
 [K
[J[Hrumqttd,--,-- / --,--,--,--
[Hrumqttd,--,-- / --,--,--,-- [K
 [K
[J[Hrumqttd,--,-- / --,--,--,--
[Hrumqttd,--,-- / --,--,--,-- [K
 [K
[J[Hrumqttd,--,-- / --,--,--,--
[Hrumqttd,--,-- / --,--,--,-- [K
 [K
[J[Hrumqttd,--,-- / --,--,--,--
[Hrumqttd,--,-- / --,--,--,-- [K
 [K
[J[Hrumqttd,--,-- / --,--,--,--
[Hrumqttd,--,-- / --,--,--,-- [K
 [K
[J[Hrumqttd,--,-- / --,--,--,--
[Hrumqttd,--,-- / --,--,--,-- [K
 [K
[J[Hrumqttd,--,-- / --,--,--,--
[Hrumqttd,--,-- / --,--,--,-- [K
 [K
[J[Hrumqttd,--,-- / --,--,--,--
[Hrumqttd,--,-- / --,--,--,-- [K
 [K
[J[Hrumqttd,--,-- / --,--,--,--
[Hrumqttd,--,-- / --,--,--,-- [K
 [K
[J[Hrumqttd,--,-- / --,--,--,--
[Hrumqttd,--,-- / --,--,--,-- [K
 [K
[J[Hrumqttd,--,-- / --,--,--,--
[Hrumqttd,--,-- / --,--,--,-- [K
 [K
[J[Hrumqttd,--,-- / --,--,--,--
[Hrumqttd,--,-- / --,--,--,-- [K
 [K
[J[Hrumqttd,--,-- / --,--,--,--
[Hrumqttd,--,-- / --,--,--,-- [K
 [K
[J[Hrumqttd,--,-- / --,--,--,--
[Hrumqttd,--,-- / --,--,--,-- [K
 [K
[J[Hrumqttd,--,-- / --,--,--,--
[Hrumqttd,--,-- / --,--,--,-- [K
 [K
[J[Hrumqttd,--,-- / --,--,--,--
[Hrumqttd,--,-- / --,--,--,-- [K
 [K
[J[Hrumqttd,--,-- / --,--,--,--
[Hrumqttd,--,-- / --,--,--,-- [K
 [K
[J[Hrumqttd,--,-- / --,--,--,--
[Hrumqttd,--,-- / --,--,--,-- [K
 [K
[J[Hrumqttd,--,-- / --,--,--,--
[Hrumqttd,--,-- / --,--,--,-- [K
 [K
[J[Hrumqttd,--,-- / --,--,--,--
[Hrumqttd,--,-- / --,--,--,-- [K
 [K
[J[Hrumqttd,--,-- / --,--,--,--
[Hrumqttd,--,-- / --,--,--,-- [K
 [K
[J[Hrumqttd,--,-- / --,--,--,--
[Hrumqttd,--,-- / --,--,--,-- [K
 [K
[J[Hrumqttd,--,-- / --,--,--,--
[Hrumqttd,--,-- / --,--,--,-- [K
 [K
[J[Hrumqttd,--,-- / --,--,--,--
[Hrumqttd,--,-- / --,--,--,-- [K
 [K
[J[Hrumqttd,--,-- / --,--,--,--
[Hrumqttd,--,-- / --,--,--,-- [K
 [K
[J[Hrumqttd,--,-- / --,--,--,--
[Hrumqttd,--,-- / --,--,--,-- [K
 [K
[J[Hrumqttd,--,-- / --,--,--,--
[Hrumqttd,--,-- / --,--,--,-- [K
 [K
[J[Hrumqttd,--,-- / --,--,--,--
[Hrumqttd,--,-- / --,--,--,-- [K
 [K
[J[Hrumqttd,--,-- / --,--,--,--
[Hrumqttd,--,-- / --,--,--,-- [K
 [K
[J[Hrumqttd,--,-- / --,--,--,--
[Hrumqttd,--,-- / --,--,--,-- [K
 [K
[J[Hrumqttd,--,-- / --,--,--,--
[Hrumqttd,--,-- / --,--,--,-- [K
 [K
[J[Hrumqttd,--,-- / --,--,--,--
[Hrumqttd,--,-- / --,--,--,-- [K
 [K
[J[Hrumqttd,--,-- / --,--,--,--
[Hrumqttd,--,-- / --,--,--,-- [K
 [K
[J[Hrumqttd,--,-- / --,--,--,--
[Hrumqttd,--,-- / --,--,--,-- [K
 [K
[J[Hrumqttd,--,-- / --,--,--,--
[Hrumqttd,--,-- / --,--,--,-- [K
 [K
[J[Hrumqttd,--,-- / --,--,--,--
[Hrumqttd,--,-- / --,--,--,-- [K
 [K
[J[Hrumqttd,--,-- / --,--,--,--
[Hrumqttd,--,-- / --,--,--,-- [K
 [K
[J[Hrumqttd,--,-- / --,--,--,--
[Hrumqttd,--,-- / --,--,--,-- [K
 [K
[J[Hrumqttd,--,-- / --,--,--,--
[Hrumqttd,--,-- / --,--,--,-- [K
 [K
[J[Hrumqttd,--,-- / --,--,--,--
[Hrumqttd,--,-- / --,--,--,-- [K
 [K
[J[Hrumqttd,--,-- / --,--,--,--
[Hrumqttd,--,-- / --,--,--,-- [K
 [K
[J[Hrumqttd,--,-- / --,--,--,--
[Hrumqttd,--,-- / --,--,--,-- [K
 [K
[J[Hrumqttd,--,-- / --,--,--,--
[Hrumqttd,--,-- / --,--,--,-- [K
 [K
[J[Hrumqttd,--,-- / --,--,--,--
[Hrumqttd,--,-- / --,--,--,-- [K
 [K
[J[Hrumqttd,--,-- / --,--,--,--
[Hrumqttd,--,-- / --,--,--,-- [K
 [K
[J[Hrumqttd,--,-- / --,--,--,--
[Hrumqttd,--,-- / --,--,--,-- [K
 [K
[J[Hrumqttd,--,-- / --,--,--,--
[Hrumqttd,--,-- / --,--,--,-- [K
 [K
[J[Hrumqttd,--,-- / --,--,--,--
[Hrumqttd,--,-- / --,--,--,-- [K
 [K
[J[Hrumqttd,--,-- / --,--,--,--
[Hrumqttd,--,-- / --,--,--,-- [K
 [K
[J[Hrumqttd,--,-- / --,--,--,--
[Hrumqttd,--,-- / --,--,--,-- [K
 [K
[J[Hrumqttd,--,-- / --,--,--,--
[Hrumqttd,--,-- / --,--,--,-- [K
 [K
[J[Hrumqttd,--,-- / --,--,--,--
[Hrumqttd,--,-- / --,--,--,-- [K
 [K
[J[Hrumqttd,--,-- / --,--,--,--
[Hrumqttd,--,-- / --,--,--,-- [K
 [K
[J[Hrumqttd,--,-- / --,--,--,--
[Hrumqttd,--,-- / --,--,--,-- [K
 [K
[J[Hrumqttd,--,-- / --,--,--,--
[Hrumqttd,--,-- / --,--,--,-- [K
 [K
[J[Hrumqttd,--,-- / --,--,--,--
[Hrumqttd,--,-- / --,--,--,-- [K
 [K
[J[Hrumqttd,--,-- / --,--,--,--
[Hrumqttd,--,-- / --,--,--,-- [K
 [K
[J[Hrumqttd,--,-- / --,--,--,--
[Hrumqttd,--,-- / --,--,--,-- [K
 [K
[J[Hrumqttd,--,-- / --,--,--,--
[Hrumqttd,--,-- / --,--,--,-- [K
 [K
[J[Hrumqttd,--,-- / --,--,--,--
[Hrumqttd,--,-- / --,--,--,-- [K
 [K
[J[Hrumqttd,--,-- / --,--,--,--
[Hrumqttd,--,-- / --,--,--,-- [K
 [K
[J[Hrumqttd,--,-- / --,--,--,--
[Hrumqttd,--,-- / --,--,--,-- [K
 [K
[J[Hrumqttd,--,-- / --,--,--,--
[Hrumqttd,--,-- / --,--,--,-- [K
 [K
[J[Hrumqttd,--,-- / --,--,--,--
[Hrumqttd,--,-- / --,--,--,-- [K
 [K
[J[Hrumqttd,--,-- / --,--,--,--
[Hrumqttd,--,-- / --,--,--,-- [K
 [K
[J[Hrumqttd,--,-- / --,--,--,--
[Hrumqttd,--,-- / --,--,--,-- [K
 [K
[J[Hrumqttd,--,-- / --,--,--,--
[Hrumqttd,--,-- / --,--,--,-- [K
 [K
[J[Hrumqttd,--,-- / --,--,--,--
[Hrumqttd,--,-- / --,--,--,-- [K
 [K
[J[Hrumqttd,--,-- / --,--,--,--
[Hrumqttd,--,-- / --,--,--,-- [K
 [K
[J[Hrumqttd,--,-- / --,--,--,--
[Hrumqttd,--,-- / --,--,--,-- [K
 [K
[J[Hrumqttd,--,-- / --,--,--,--
[Hrumqttd,--,-- / --,--,--,-- [K
 [K
[J[Hrumqttd,--,-- / --,--,--,--
[Hrumqttd,--,-- / --,--,--,-- [K
 [K
[J[Hrumqttd,--,-- / --,--,--,--
[Hrumqttd,--,-- / --,--,--,-- [K
 [K
[J[Hrumqttd,--,-- / --,--,--,--
[Hrumqttd,--,-- / --,--,--,-- [K
 [K
[J[Hrumqttd,--,-- / --,--,--,--
[Hrumqttd,--,-- / --,--,--,-- [K
 [K
[J[Hrumqttd,--,-- / --,--,--,--
[Hrumqttd,--,-- / --,--,--,-- [K
 [K
[J[Hrumqttd,--,-- / --,--,--,--
[Hrumqttd,--,-- / --,--,--,-- [K
 [K
[J[Hrumqttd,--,-- / --,--,--,--
[Hrumqttd,--,-- / --,--,--,-- [K
 [K
[J[Hrumqttd,--,-- / --,--,--,--
[Hrumqttd,--,-- / --,--,--,-- [K
 [K
[J[Hrumqttd,--,-- / --,--,--,--
[Hrumqttd,--,-- / --,--,--,-- [K
 [K
[J[Hrumqttd,--,-- / --,--,--,--
[Hrumqttd,--,-- / --,--,--,-- [K
 [K
[J[Hrumqttd,--,-- / --,--,--,--
[Hrumqttd,--,-- / --,--,--,-- [K
 [K
[J[Hrumqttd,--,-- / --,--,--,--
[Hrumqttd,--,-- / --,--,--,-- [K
 [K
[J[Hrumqttd,--,-- / --,--,--,--
[Hrumqttd,--,-- / --,--,--,-- [K
 [K
[J[Hrumqttd,--,-- / --,--,--,--
[Hrumqttd,--,-- / --,--,--,-- [K
 [K
[J[Hrumqttd,--,-- / --,--,--,--
[Hrumqttd,--,-- / --,--,--,-- [K
 [K
[J[Hrumqttd,--,-- / --,--,--,--
[Hrumqttd,--,-- / --,--,--,-- [K
 [K
[J[Hrumqttd,--,-- / --,--,--,--
[Hrumqttd,--,-- / --,--,--,-- [K
 [K
[J[Hrumqttd,--,-- / --,--,--,--
[Hrumqttd,--,-- / --,--,--,-- [K
 [K
[J[Hrumqttd,--,-- / --,--,--,--
[Hrumqttd,--,-- / --,--,--,-- [K
 [K
[J[Hrumqttd,--,-- / --,--,--,--
[Hrumqttd,--,-- / --,--,--,-- [K
 [K
[J[Hrumqttd,--,-- / --,--,--,--
[Hrumqttd,--,-- / --,--,--,-- [K
 [K
[J[Hrumqttd,--,-- / --,--,--,--
[Hrumqttd,--,-- / --,--,--,-- [K
 [K
[J[Hrumqttd,--,-- / --,--,--,--
[Hrumqttd,--,-- / --,--,--,-- [K
 [K
[J[Hrumqttd,--,-- / --,--,--,--
[Hrumqttd,--,-- / --,--,--,-- [K
 [K
[J[Hrumqttd,--,-- / --,--,--,--
[Hrumqttd,--,-- / --,--,--,-- [K
 [K
[J[Hrumqttd,--,-- / --,--,--,--
[Hrumqttd,--,-- / --,--,--,-- [K
 [K
[J[Hrumqttd,--,-- / --,--,--,--
[Hrumqttd,--,-- / --,--,--,-- [K
 [K
[J[Hrumqttd,--,-- / --,--,--,--
[Hrumqttd,--,-- / --,--,--,-- [K
 [K
[J[Hrumqttd,--,-- / --,--,--,--
[Hrumqttd,--,-- / --,--,--,-- [K
 [K
[J[Hrumqttd,--,-- / --,--,--,--
[Hrumqttd,--,-- / --,--,--,-- [K
 [K
[J[Hrumqttd,--,-- / --,--,--,--
[Hrumqttd,--,-- / --,--,--,-- [K
 [K
[J[Hrumqttd,--,-- / --,--,--,--
[Hrumqttd,--,-- / --,--,--,-- [K
 [K
[J[Hrumqttd,--,-- / --,--,--,--
[Hrumqttd,--,-- / --,--,--,-- [K
 [K
[J[Hrumqttd,--,-- / --,--,--,--
[Hrumqttd,--,-- / --,--,--,-- [K
 [K
[J[Hrumqttd,--,-- / --,--,--,--
[Hrumqttd,--,-- / --,--,--,-- [K
 [K
[J[Hrumqttd,--,-- / --,--,--,--
[Hrumqttd,--,-- / --,--,--,-- [K
 [K
[J[Hrumqttd,--,-- / --,--,--,--
[Hrumqttd,--,-- / --,--,--,-- [K
 [K
[J[Hrumqttd,--,-- / --,--,--,--
[Hrumqttd,--,-- / --,--,--,-- [K
 [K
[J[Hrumqttd,--,-- / --,--,--,--
[Hrumqttd,--,-- / --,--,--,-- [K
 [K
[J[Hrumqttd,--,-- / --,--,--,--
[Hrumqttd,--,-- / --,--,--,-- [K
 [K
[J[Hrumqttd,--,-- / --,--,--,--
[Hrumqttd,--,-- / --,--,--,-- [K
 [K
[J[Hrumqttd,--,-- / --,--,--,--
[Hrumqttd,--,-- / --,--,--,-- [K
 [K
[J[Hrumqttd,--,-- / --,--,--,--
[Hrumqttd,--,-- / --,--,--,-- [K
 [K
[J[Hrumqttd,--,-- / --,--,--,--
[Hrumqttd,--,-- / --,--,--,-- [K
 [K
[J[Hrumqttd,--,-- / --,--,--,--
[Hrumqttd,--,-- / --,--,--,-- [K
 [K
[J[Hrumqttd,--,-- / --,--,--,--
[Hrumqttd,--,-- / --,--,--,-- [K
 [K
[J[Hrumqttd,--,-- / --,--,--,--
[Hrumqttd,--,-- / --,--,--,-- [K
 [K
[J[Hrumqttd,--,-- / --,--,--,--
[Hrumqttd,--,-- / --,--,--,-- [K
 [K
[J[Hrumqttd,--,-- / --,--,--,--
[Hrumqttd,--,-- / --,--,--,-- [K
 [K
[J[Hrumqttd,--,-- / --,--,--,--
[Hrumqttd,--,-- / --,--,--,-- [K
 [K
[J[Hrumqttd,--,-- / --,--,--,--
[Hrumqttd,--,-- / --,--,--,-- [K
 [K
[J[Hrumqttd,--,-- / --,--,--,--
[Hrumqttd,--,-- / --,--,--,-- [K
 [K
[J[Hrumqttd,--,-- / --,--,--,--
[Hrumqttd,--,-- / --,--,--,-- [K
 [K
[J[Hrumqttd,--,-- / --,--,--,--
[Hrumqttd,--,-- / --,--,--,-- [K
 [K
[J[Hrumqttd,--,-- / --,--,--,--
[Hrumqttd,--,-- / --,--,--,-- [K
 [K
[J[Hrumqttd,--,-- / --,--,--,--
[Hrumqttd,--,-- / --,--,--,-- [K
 [K
[J[Hrumqttd,--,-- / --,--,--,--
[Hrumqttd,--,-- / --,--,--,-- [K
 [K
[J[Hrumqttd,--,-- / --,--,--,--
[Hrumqttd,--,-- / --,--,--,-- [K
 [K
[J[Hrumqttd,--,-- / --,--,--,--
[Hrumqttd,--,-- / --,--,--,-- [K
 [K
[J[Hrumqttd,--,-- / --,--,--,--
[Hrumqttd,--,-- / --,--,--,-- [K
 [K
[J[Hrumqttd,--,-- / --,--,--,--
[Hrumqttd,--,-- / --,--,--,-- [K
 [K
[J[Hrumqttd,--,-- / --,--,--,--
[Hrumqttd,--,-- / --,--,--,-- [K
 [K
[J[Hrumqttd,--,-- / --,--,--,--
[Hrumqttd,--,-- / --,--,--,-- [K
 [K
[J[Hrumqttd,--,-- / --,--,--,--
[Hrumqttd,--,-- / --,--,--,-- [K
 [K
[J[Hrumqttd,--,-- / --,--,--,--
[Hrumqttd,--,-- / --,--,--,-- [K
 [K
[J[Hrumqttd,--,-- / --,--,--,--
[Hrumqttd,--,-- / --,--,--,-- [K
 [K
[J[Hrumqttd,--,-- / --,--,--,--
[Hrumqttd,--,-- / --,--,--,-- [K
 [K
[J[Hrumqttd,--,-- / --,--,--,--
[Hrumqttd,--,-- / --,--,--,-- [K
 [K
[J[Hrumqttd,--,-- / --,--,--,--
[Hrumqttd,--,-- / --,--,--,-- [K
 [K
[J[Hrumqttd,--,-- / --,--,--,--
[Hrumqttd,--,-- / --,--,--,-- [K
 [K
[J[Hrumqttd,--,-- / --,--,--,--
[Hrumqttd,--,-- / --,--,--,-- [K
 [K
[J[Hrumqttd,--,-- / --,--,--,--
[Hrumqttd,--,-- / --,--,--,-- [K
 [K
[J[Hrumqttd,--,-- / --,--,--,--
[Hrumqttd,--,-- / --,--,--,-- [K
 [K
[J[Hrumqttd,--,-- / --,--,--,--
[Hrumqttd,--,-- / --,--,--,-- [K
 [K
[J[Hrumqttd,--,-- / --,--,--,--
[Hrumqttd,--,-- / --,--,--,-- [K
 [K
[J[Hrumqttd,--,-- / --,--,--,--
[Hrumqttd,--,-- / --,--,--,-- [K
 [K
[J[Hrumqttd,--,-- / --,--,--,--
[Hrumqttd,--,-- / --,--,--,-- [K
 [K
[J[Hrumqttd,--,-- / --,--,--,--
[Hrumqttd,--,-- / --,--,--,-- [K
 [K
[J[Hrumqttd,--,-- / --,--,--,--
[Hrumqttd,--,-- / --,--,--,-- [K
 [K
[J[Hrumqttd,--,-- / --,--,--,--
[Hrumqttd,--,-- / --,--,--,-- [K
 [K
[J[Hrumqttd,--,-- / --,--,--,--
[Hrumqttd,--,-- / --,--,--,-- [K
 [K
[J[Hrumqttd,--,-- / --,--,--,--
[Hrumqttd,--,-- / --,--,--,-- [K
 [K
[J[Hrumqttd,--,-- / --,--,--,--
[Hrumqttd,--,-- / --,--,--,-- [K
 [K
[J[Hrumqttd,--,-- / --,--,--,--
[Hrumqttd,--,-- / --,--,--,-- [K
 [K
[J[Hrumqttd,--,-- / --,--,--,--
[Hrumqttd,--,-- / --,--,--,-- [K
 [K
[J[Hrumqttd,--,-- / --,--,--,--
[Hrumqttd,--,-- / --,--,--,-- [K
 [K
[J[Hrumqttd,--,-- / --,--,--,--
[Hrumqttd,--,-- / --,--,--,-- [K
 [K
[J[Hrumqttd,--,-- / --,--,--,--
[Hrumqttd,--,-- / --,--,--,-- [K
 [K
[J[Hrumqttd,--,-- / --,--,--,--
[Hrumqttd,--,-- / --,--,--,-- [K
 [K
[J[Hrumqttd,--,-- / --,--,--,--
[Hrumqttd,--,-- / --,--,--,-- [K
 [K
[J[Hrumqttd,--,-- / --,--,--,--
[Hrumqttd,--,-- / --,--,--,-- [K
 [K
[J[Hrumqttd,--,-- / --,--,--,--
[Hrumqttd,--,-- / --,--,--,-- [K
 [K
[J[Hrumqttd,--,-- / --,--,--,--
[Hrumqttd,--,-- / --,--,--,-- [K
 [K
[J[Hrumqttd,--,-- / --,--,--,--
[Hrumqttd,--,-- / --,--,--,-- [K
 [K
[J[Hrumqttd,--,-- / --,--,--,--
[Hrumqttd,--,-- / --,--,--,-- [K
 [K
[J[Hrumqttd,--,-- / --,--,--,--
[Hrumqttd,--,-- / --,--,--,-- [K
 [K
[J[Hrumqttd,--,-- / --,--,--,--
[Hrumqttd,--,-- / --,--,--,-- [K
 [K
[J[Hrumqttd,--,-- / --,--,--,--
[Hrumqttd,--,-- / --,--,--,-- [K
 [K
[J[Hrumqttd,--,-- / --,--,--,--
[Hrumqttd,--,-- / --,--,--,-- [K
 [K
[J[Hrumqttd,--,-- / --,--,--,--
[Hrumqttd,--,-- / --,--,--,-- [K
 [K
[J[Hrumqttd,--,-- / --,--,--,--
[Hrumqttd,--,-- / --,--,--,-- [K
 [K
[J[Hrumqttd,--,-- / --,--,--,--
[Hrumqttd,--,-- / --,--,--,-- [K
 [K
[J[Hrumqttd,--,-- / --,--,--,--
[Hrumqttd,--,-- / --,--,--,-- [K
 [K
[J[Hrumqttd,--,-- / --,--,--,--
[Hrumqttd,--,-- / --,--,--,-- [K
 [K
[J[Hrumqttd,--,-- / --,--,--,--
[Hrumqttd,--,-- / --,--,--,-- [K
 [K
[J[Hrumqttd,--,-- / --,--,--,--
[Hrumqttd,--,-- / --,--,--,-- [K
 [K
[J[Hrumqttd,--,-- / --,--,--,--
[Hrumqttd,--,-- / --,--,--,-- [K
 [K
[J[Hrumqttd,--,-- / --,--,--,--
[Hrumqttd,--,-- / --,--,--,-- [K
 [K
[J[Hrumqttd,--,-- / --,--,--,--
[Hrumqttd,--,-- / --,--,--,-- [K
 [K
[J[Hrumqttd,--,-- / --,--,--,--
[Hrumqttd,--,-- / --,--,--,-- [K
 [K
[J[Hrumqttd,--,-- / --,--,--,--
[Hrumqttd,--,-- / --,--,--,-- [K
 [K
[J[Hrumqttd,--,-- / --,--,--,--
[Hrumqttd,--,-- / --,--,--,-- [K
 [K
[J[Hrumqttd,--,-- / --,--,--,--
[Hrumqttd,--,-- / --,--,--,-- [K
 [K
[J[Hrumqttd,--,-- / --,--,--,--
[Hrumqttd,--,-- / --,--,--,-- [K
 [K
[J[Hrumqttd,--,-- / --,--,--,--
[Hrumqttd,--,-- / --,--,--,-- [K
 [K
[J[Hrumqttd,--,-- / --,--,--,--
[Hrumqttd,--,-- / --,--,--,-- [K
 [K
[J[Hrumqttd,--,-- / --,--,--,--
[Hrumqttd,--,-- / --,--,--,-- [K
 [K
[J[Hrumqttd,--,-- / --,--,--,--
[Hrumqttd,--,-- / --,--,--,-- [K
 [K
[J[Hrumqttd,--,-- / --,--,--,--
[Hrumqttd,--,-- / --,--,--,-- [K
 [K
[J[Hrumqttd,--,-- / --,--,--,--
[Hrumqttd,--,-- / --,--,--,-- [K
 [K
[J[Hrumqttd,--,-- / --,--,--,--
[Hrumqttd,--,-- / --,--,--,-- [K
 [K
[J[Hrumqttd,--,-- / --,--,--,--
[Hrumqttd,--,-- / --,--,--,-- [K
 [K
[J[Hrumqttd,--,-- / --,--,--,--
[Hrumqttd,--,-- / --,--,--,-- [K
 [K
[J[Hrumqttd,--,-- / --,--,--,--
[Hrumqttd,--,-- / --,--,--,-- [K
 [K
[J[Hrumqttd,--,-- / --,--,--,--
[Hrumqttd,--,-- / --,--,--,-- [K
 [K
[J[Hrumqttd,--,-- / --,--,--,--
[Hrumqttd,--,-- / --,--,--,-- [K
 [K
[J[Hrumqttd,--,-- / --,--,--,--
[Hrumqttd,--,-- / --,--,--,-- [K
 [K
[J[Hrumqttd,--,-- / --,--,--,--
[Hrumqttd,--,-- / --,--,--,-- [K
 [K
[J[Hrumqttd,--,-- / --,--,--,--
[Hrumqttd,--,-- / --,--,--,-- [K
 [K
[J[Hrumqttd,--,-- / --,--,--,--
[Hrumqttd,--,-- / --,--,--,-- [K
 [K
[J[Hrumqttd,--,-- / --,--,--,--
[Hrumqttd,--,-- / --,--,--,-- [K
 [K
[J[Hrumqttd,--,-- / --,--,--,--
[Hrumqttd,--,-- / --,--,--,-- [K
 [K
[J[Hrumqttd,--,-- / --,--,--,--
[Hrumqttd,--,-- / --,--,--,-- [K
 [K
[J[Hrumqttd,--,-- / --,--,--,--
[Hrumqttd,--,-- / --,--,--,-- [K
 [K
[J[Hrumqttd,--,-- / --,--,--,--
[Hrumqttd,--,-- / --,--,--,-- [K
 [K
[J[Hrumqttd,--,-- / --,--,--,--
[Hrumqttd,--,-- / --,--,--,-- [K
 [K
[J[Hrumqttd,--,-- / --,--,--,--
[Hrumqttd,--,-- / --,--,--,-- [K
 [K
[J[Hrumqttd,--,-- / --,--,--,--
[Hrumqttd,--,-- / --,--,--,-- [K
 [K
[J[Hrumqttd,--,-- / --,--,--,--
[Hrumqttd,--,-- / --,--,--,-- [K
 [K
[J[Hrumqttd,--,-- / --,--,--,--
[Hrumqttd,--,-- / --,--,--,-- [K
 [K
[J[Hrumqttd,--,-- / --,--,--,--
[Hrumqttd,--,-- / --,--,--,-- [K
 [K
[J[Hrumqttd,--,-- / --,--,--,--
[Hrumqttd,--,-- / --,--,--,-- [K
 [K
[J[Hrumqttd,--,-- / --,--,--,--
[Hrumqttd,--,-- / --,--,--,-- [K
 [K
[J[Hrumqttd,--,-- / --,--,--,--
[Hrumqttd,--,-- / --,--,--,-- [K
 [K
[J[Hrumqttd,--,-- / --,--,--,--
[Hrumqttd,--,-- / --,--,--,-- [K
 [K
[J[Hrumqttd,--,-- / --,--,--,--
[Hrumqttd,--,-- / --,--,--,-- [K
 [K
[J[Hrumqttd,--,-- / --,--,--,--
[Hrumqttd,--,-- / --,--,--,-- [K
 [K
[J[Hrumqttd,--,-- / --,--,--,--
[Hrumqttd,--,-- / --,--,--,-- [K
 [K
[J[Hrumqttd,--,-- / --,--,--,--
[Hrumqttd,--,-- / --,--,--,-- [K
 [K
[J[Hrumqttd,--,-- / --,--,--,--
[Hrumqttd,--,-- / --,--,--,-- [K
 [K
[J[Hrumqttd,--,-- / --,--,--,--
[Hrumqttd,--,-- / --,--,--,-- [K
 [K
[J[Hrumqttd,--,-- / --,--,--,--
[Hrumqttd,--,-- / --,--,--,-- [K
 [K
[J[Hrumqttd,--,-- / --,--,--,--
[Hrumqttd,--,-- / --,--,--,-- [K
 [K
[J[Hrumqttd,--,-- / --,--,--,--
[Hrumqttd,--,-- / --,--,--,-- [K
 [K
[J[Hrumqttd,--,-- / --,--,--,--
[Hrumqttd,--,-- / --,--,--,-- [K
 [K
[J[Hrumqttd,--,-- / --,--,--,--
[Hrumqttd,--,-- / --,--,--,-- [K
 [K
[J[Hrumqttd,--,-- / --,--,--,--
[Hrumqttd,--,-- / --,--,--,-- [K
 [K
[J[Hrumqttd,--,-- / --,--,--,--
[Hrumqttd,--,-- / --,--,--,-- [K
 [K
[J[Hrumqttd,--,-- / --,--,--,--
[Hrumqttd,--,-- / --,--,--,-- [K
 [K
[J[Hrumqttd,--,-- / --,--,--,--
[Hrumqttd,--,-- / --,--,--,-- [K
 [K
[J[Hrumqttd,--,-- / --,--,--,--
[Hrumqttd,--,-- / --,--,--,-- [K
 [K
[J[Hrumqttd,--,-- / --,--,--,--
[Hrumqttd,--,-- / --,--,--,-- [K
 [K
[J[Hrumqttd,--,-- / --,--,--,--
[Hrumqttd,--,-- / --,--,--,-- [K
 [K
[J[Hrumqttd,--,-- / --,--,--,--
[Hrumqttd,--,-- / --,--,--,-- [K
 [K
[J[Hrumqttd,--,-- / --,--,--,--
[Hrumqttd,--,-- / --,--,--,-- [K
 [K
[J[Hrumqttd,--,-- / --,--,--,--
[Hrumqttd,--,-- / --,--,--,-- [K
 [K
[J[Hrumqttd,--,-- / --,--,--,--
[Hrumqttd,--,-- / --,--,--,-- [K
 [K
[J[Hrumqttd,--,-- / --,--,--,--
[Hrumqttd,--,-- / --,--,--,-- [K
 [K
[J[Hrumqttd,--,-- / --,--,--,--
[Hrumqttd,--,-- / --,--,--,-- [K
 [K
[J[Hrumqttd,--,-- / --,--,--,--
[Hrumqttd,--,-- / --,--,--,-- [K
 [K
[J[Hrumqttd,--,-- / --,--,--,--
[Hrumqttd,--,-- / --,--,--,-- [K
 [K
[J[Hrumqttd,--,-- / --,--,--,--
[Hrumqttd,--,-- / --,--,--,-- [K
 [K
[J[Hrumqttd,--,-- / --,--,--,--
[Hrumqttd,--,-- / --,--,--,-- [K
 [K
[J[Hrumqttd,--,-- / --,--,--,--
[Hrumqttd,--,-- / --,--,--,-- [K
 [K
[J[Hrumqttd,--,-- / --,--,--,--
[Hrumqttd,--,-- / --,--,--,-- [K
 [K
[J[Hrumqttd,--,-- / --,--,--,--
[Hrumqttd,--,-- / --,--,--,-- [K
 [K
[J[Hrumqttd,--,-- / --,--,--,--
[Hrumqttd,--,-- / --,--,--,-- [K
 [K
[J[Hrumqttd,--,-- / --,--,--,--
[Hrumqttd,--,-- / --,--,--,-- [K
 [K
[J[Hrumqttd,--,-- / --,--,--,--
[Hrumqttd,--,-- / --,--,--,-- [K
 [K
[J[Hrumqttd,--,-- / --,--,--,--
[Hrumqttd,--,-- / --,--,--,-- [K
 [K
[J[Hrumqttd,--,-- / --,--,--,--
[Hrumqttd,--,-- / --,--,--,-- [K
 [K
[J[Hrumqttd,--,-- / --,--,--,--
[Hrumqttd,--,-- / --,--,--,-- [K
 [K
[J[Hrumqttd,--,-- / --,--,--,--
[Hrumqttd,--,-- / --,--,--,-- [K
 [K
[J[Hrumqttd,--,-- / --,--,--,--
[Hrumqttd,--,-- / --,--,--,-- [K
 [K
[J[Hrumqttd,--,-- / --,--,--,--
[Hrumqttd,--,-- / --,--,--,-- [K
 [K
[J[Hrumqttd,--,-- / --,--,--,--
[Hrumqttd,--,-- / --,--,--,-- [K
 [K
[J[Hrumqttd,--,-- / --,--,--,--
[Hrumqttd,--,-- / --,--,--,-- [K
 [K
[J[Hrumqttd,--,-- / --,--,--,--
[Hrumqttd,--,-- / --,--,--,-- [K
 [K
[J[Hrumqttd,--,-- / --,--,--,--
[Hrumqttd,--,-- / --,--,--,-- [K
 [K
[J[Hrumqttd,--,-- / --,--,--,--
[Hrumqttd,--,-- / --,--,--,-- [K
 [K
[J[Hrumqttd,--,-- / --,--,--,--
[Hrumqttd,--,-- / --,--,--,-- [K
 [K
[J[Hrumqttd,--,-- / --,--,--,--
[Hrumqttd,--,-- / --,--,--,-- [K
 [K
[J[Hrumqttd,--,-- / --,--,--,--
[Hrumqttd,--,-- / --,--,--,-- [K
 [K
[J[Hrumqttd,--,-- / --,--,--,--
[Hrumqttd,--,-- / --,--,--,-- [K
 [K
[J[Hrumqttd,--,-- / --,--,--,--
[Hrumqttd,--,-- / --,--,--,-- [K
 [K
[J[Hrumqttd,--,-- / --,--,--,--
[Hrumqttd,--,-- / --,--,--,-- [K
 [K
[J[Hrumqttd,--,-- / --,--,--,--
[Hrumqttd,--,-- / --,--,--,-- [K
 [K
[J[Hrumqttd,--,-- / --,--,--,--
[Hrumqttd,--,-- / --,--,--,-- [K
 [K
[J[Hrumqttd,--,-- / --,--,--,--
[Hrumqttd,--,-- / --,--,--,-- [K
 [K
[J[Hrumqttd,--,-- / --,--,--,--
[Hrumqttd,--,-- / --,--,--,-- [K
 [K
[J[Hrumqttd,--,-- / --,--,--,--
[Hrumqttd,--,-- / --,--,--,-- [K
 [K
[J[Hrumqttd,--,-- / --,--,--,--
[Hrumqttd,--,-- / --,--,--,-- [K
 [K
[J[Hrumqttd,--,-- / --,--,--,--
[Hrumqttd,--,-- / --,--,--,-- [K
 [K
[J[Hrumqttd,--,-- / --,--,--,--
[Hrumqttd,--,-- / --,--,--,-- [K
 [K
[J[Hrumqttd,--,-- / --,--,--,--
[Hrumqttd,--,-- / --,--,--,-- [K
 [K
[J[Hrumqttd,--,-- / --,--,--,--
[Hrumqttd,--,-- / --,--,--,-- [K
 [K
[J[Hrumqttd,--,-- / --,--,--,--
[Hrumqttd,--,-- / --,--,--,-- [K
 [K
[J[Hrumqttd,--,-- / --,--,--,--
[Hrumqttd,--,-- / --,--,--,-- [K
 [K
[J[Hrumqttd,--,-- / --,--,--,--
[Hrumqttd,--,-- / --,--,--,-- [K
 [K
[J[Hrumqttd,--,-- / --,--,--,--
[Hrumqttd,--,-- / --,--,--,-- [K
 [K
[J[Hrumqttd,--,-- / --,--,--,--
[Hrumqttd,--,-- / --,--,--,-- [K
 [K
[J[Hrumqttd,--,-- / --,--,--,--
[Hrumqttd,--,-- / --,--,--,-- [K
 [K
[J[Hrumqttd,--,-- / --,--,--,--
[Hrumqttd,--,-- / --,--,--,-- [K
 [K
[J[Hrumqttd,--,-- / --,--,--,--
[Hrumqttd,--,-- / --,--,--,-- [K
 [K
[J[Hrumqttd,--,-- / --,--,--,--
[Hrumqttd,--,-- / --,--,--,-- [K
 [K
[J[Hrumqttd,--,-- / --,--,--,--
[Hrumqttd,--,-- / --,--,--,-- [K
 [K
[J[Hrumqttd,--,-- / --,--,--,--
[Hrumqttd,--,-- / --,--,--,-- [K
 [K
[J[Hrumqttd,--,-- / --,--,--,--
[Hrumqttd,--,-- / --,--,--,-- [K
 [K
[J[Hrumqttd,--,-- / --,--,--,--
[Hrumqttd,--,-- / --,--,--,-- [K
 [K
[J[Hrumqttd,--,-- / --,--,--,--
[Hrumqttd,--,-- / --,--,--,-- [K
 [K
[J[Hrumqttd,--,-- / --,--,--,--
[Hrumqttd,--,-- / --,--,--,-- [K
 [K
[J[Hrumqttd,--,-- / --,--,--,--
[Hrumqttd,--,-- / --,--,--,-- [K
 [K
[J[Hrumqttd,--,-- / --,--,--,--
[Hrumqttd,--,-- / --,--,--,-- [K
 [K
[J[Hrumqttd,--,-- / --,--,--,--
[Hrumqttd,--,-- / --,--,--,-- [K
 [K
[J[Hrumqttd,--,-- / --,--,--,--
[Hrumqttd,--,-- / --,--,--,-- [K
 [K
[J[Hrumqttd,--,-- / --,--,--,--
[Hrumqttd,--,-- / --,--,--,-- [K
 [K
[J[Hrumqttd,--,-- / --,--,--,--
[Hrumqttd,--,-- / --,--,--,-- [K
 [K
[J[Hrumqttd,--,-- / --,--,--,--
[Hrumqttd,--,-- / --,--,--,-- [K
 [K
[J[Hrumqttd,--,-- / --,--,--,--
[Hrumqttd,--,-- / --,--,--,-- [K
 [K
[J[Hrumqttd,--,-- / --,--,--,--
[Hrumqttd,--,-- / --,--,--,-- [K
 [K
[J[Hrumqttd,--,-- / --,--,--,--
[Hrumqttd,--,-- / --,--,--,-- [K
 [K
[J[Hrumqttd,--,-- / --,--,--,--
[Hrumqttd,--,-- / --,--,--,-- [K
 [K
[J[Hrumqttd,--,-- / --,--,--,--
[Hrumqttd,--,-- / --,--,--,-- [K
 [K
[J[Hrumqttd,--,-- / --,--,--,--
[Hrumqttd,--,-- / --,--,--,-- [K
 [K
[J[Hrumqttd,--,-- / --,--,--,--
[Hrumqttd,--,-- / --,--,--,-- [K
 [K
[J[Hrumqttd,--,-- / --,--,--,--
[Hrumqttd,--,-- / --,--,--,-- [K
 [K
[J[Hrumqttd,--,-- / --,--,--,--
[Hrumqttd,--,-- / --,--,--,-- [K
 [K
[J[Hrumqttd,--,-- / --,--,--,--
[Hrumqttd,--,-- / --,--,--,-- [K
 [K
[J[Hrumqttd,--,-- / --,--,--,--
[Hrumqttd,--,-- / --,--,--,-- [K
 [K
[J[Hrumqttd,--,-- / --,--,--,--
[Hrumqttd,--,-- / --,--,--,-- [K
 [K
[J[Hrumqttd,--,-- / --,--,--,--
[Hrumqttd,--,-- / --,--,--,-- [K
 [K
[J[Hrumqttd,--,-- / --,--,--,--
[Hrumqttd,--,-- / --,--,--,-- [K
 [K
[J[Hrumqttd,--,-- / --,--,--,--
[Hrumqttd,--,-- / --,--,--,-- [K
 [K
[J[Hrumqttd,--,-- / --,--,--,--
[Hrumqttd,--,-- / --,--,--,-- [K
 [K
[J[Hrumqttd,--,-- / --,--,--,--
[Hrumqttd,--,-- / --,--,--,-- [K
 [K
[J[Hrumqttd,--,-- / --,--,--,--
[Hrumqttd,--,-- / --,--,--,-- [K
 [K
[J[Hrumqttd,--,-- / --,--,--,--
[Hrumqttd,--,-- / --,--,--,-- [K
 [K
[J[Hrumqttd,--,-- / --,--,--,--
[Hrumqttd,--,-- / --,--,--,-- [K
 [K
[J[Hrumqttd,--,-- / --,--,--,--
[Hrumqttd,--,-- / --,--,--,-- [K
 [K
[J[Hrumqttd,--,-- / --,--,--,--
[Hrumqttd,--,-- / --,--,--,-- [K
 [K
[J[Hrumqttd,--,-- / --,--,--,--
[Hrumqttd,--,-- / --,--,--,-- [K
 [K
[J[Hrumqttd,--,-- / --,--,--,--
[Hrumqttd,--,-- / --,--,--,-- [K
 [K
[J[Hrumqttd,--,-- / --,--,--,--
[Hrumqttd,--,-- / --,--,--,-- [K
 [K
[J[Hrumqttd,--,-- / --,--,--,--
[Hrumqttd,--,-- / --,--,--,-- [K
 [K
[J[Hrumqttd,--,-- / --,--,--,--
[Hrumqttd,--,-- / --,--,--,-- [K
 [K
[J[Hrumqttd,--,-- / --,--,--,--
[Hrumqttd,--,-- / --,--,--,-- [K
 [K
[J[Hrumqttd,--,-- / --,--,--,--
[Hrumqttd,--,-- / --,--,--,-- [K
 [K
[J[Hrumqttd,--,-- / --,--,--,--
[Hrumqttd,--,-- / --,--,--,-- [K
 [K
[J[Hrumqttd,--,-- / --,--,--,--
[Hrumqttd,--,-- / --,--,--,-- [K
 [K
[J[Hrumqttd,--,-- / --,--,--,--
[Hrumqttd,--,-- / --,--,--,-- [K
 [K
[J[Hrumqttd,--,-- / --,--,--,--
[Hrumqttd,--,-- / --,--,--,-- [K
 [K
[J[Hrumqttd,--,-- / --,--,--,--
[Hrumqttd,--,-- / --,--,--,-- [K
 [K
[J[Hrumqttd,--,-- / --,--,--,--
[Hrumqttd,--,-- / --,--,--,-- [K
 [K
[J[Hrumqttd,--,-- / --,--,--,--
[Hrumqttd,--,-- / --,--,--,-- [K
 [K
[J[Hrumqttd,--,-- / --,--,--,--
[Hrumqttd,--,-- / --,--,--,-- [K
 [K
[J[Hrumqttd,--,-- / --,--,--,--
[Hrumqttd,--,-- / --,--,--,-- [K
 [K
[J[Hrumqttd,--,-- / --,--,--,--
[Hrumqttd,--,-- / --,--,--,-- [K
 [K
[J[Hrumqttd,--,-- / --,--,--,--
[Hrumqttd,--,-- / --,--,--,-- [K
 [K
[J[Hrumqttd,--,-- / --,--,--,--
[Hrumqttd,--,-- / --,--,--,-- [K
 [K
[J[Hrumqttd,--,-- / --,--,--,--
[Hrumqttd,--,-- / --,--,--,-- [K
 [K
[J[Hrumqttd,--,-- / --,--,--,--
[Hrumqttd,--,-- / --,--,--,-- [K
 [K
[J[Hrumqttd,--,-- / --,--,--,--
[Hrumqttd,--,-- / --,--,--,-- [K
 [K
[J[Hrumqttd,--,-- / --,--,--,--
[Hrumqttd,--,-- / --,--,--,-- [K
 [K
[J[Hrumqttd,--,-- / --,--,--,--
[Hrumqttd,--,-- / --,--,--,-- [K
 [K
[J[Hrumqttd,--,-- / --,--,--,--
[Hrumqttd,--,-- / --,--,--,-- [K
 [K
[J[Hrumqttd,--,-- / --,--,--,--
[Hrumqttd,--,-- / --,--,--,-- [K
 [K
[J[Hrumqttd,--,-- / --,--,--,--
[Hrumqttd,--,-- / --,--,--,-- [K
 [K
[J[Hrumqttd,--,-- / --,--,--,--
[Hrumqttd,--,-- / --,--,--,-- [K
 [K
[J[Hrumqttd,--,-- / --,--,--,--
[Hrumqttd,--,-- / --,--,--,-- [K
 [K
[J[Hrumqttd,--,-- / --,--,--,--
[Hrumqttd,--,-- / --,--,--,-- [K
 [K
[J[Hrumqttd,--,-- / --,--,--,--
[Hrumqttd,--,-- / --,--,--,-- [K
 [K
[J[Hrumqttd,--,-- / --,--,--,--
[Hrumqttd,--,-- / --,--,--,-- [K
 [K
[J[Hrumqttd,--,-- / --,--,--,--
[Hrumqttd,--,-- / --,--,--,-- [K
 [K
[J[Hrumqttd,--,-- / --,--,--,--
[Hrumqttd,--,-- / --,--,--,-- [K
 [K
[J[Hrumqttd,--,-- / --,--,--,--
[Hrumqttd,--,-- / --,--,--,-- [K
 [K
[J[Hrumqttd,--,-- / --,--,--,--
[Hrumqttd,--,-- / --,--,--,-- [K
 [K
[J[Hrumqttd,--,-- / --,--,--,--
[Hrumqttd,--,-- / --,--,--,-- [K
 [K
[J[Hrumqttd,--,-- / --,--,--,--
[Hrumqttd,--,-- / --,--,--,-- [K
 [K
[J[Hrumqttd,--,-- / --,--,--,--
[Hrumqttd,--,-- / --,--,--,-- [K
 [K
[J[Hrumqttd,--,-- / --,--,--,--
[Hrumqttd,--,-- / --,--,--,-- [K
 [K
[J[Hrumqttd,--,-- / --,--,--,--
[Hrumqttd,--,-- / --,--,--,-- [K
 [K
[J[Hrumqttd,--,-- / --,--,--,--
[Hrumqttd,--,-- / --,--,--,-- [K
 [K
[J[Hrumqttd,--,-- / --,--,--,--
[Hrumqttd,--,-- / --,--,--,-- [K
 [K
[J[Hrumqttd,--,-- / --,--,--,--
[Hrumqttd,--,-- / --,--,--,-- [K
 [K
[J[Hrumqttd,--,-- / --,--,--,--
[Hrumqttd,--,-- / --,--,--,-- [K
 [K
[J[Hrumqttd,--,-- / --,--,--,--
[Hrumqttd,--,-- / --,--,--,-- [K
 [K
[J[Hrumqttd,--,-- / --,--,--,--
[Hrumqttd,--,-- / --,--,--,-- [K
 [K
[J[Hrumqttd,--,-- / --,--,--,--
[Hrumqttd,--,-- / --,--,--,-- [K
 [K
[J[Hrumqttd,--,-- / --,--,--,--
[Hrumqttd,--,-- / --,--,--,-- [K
 [K
[J[Hrumqttd,--,-- / --,--,--,--
[Hrumqttd,--,-- / --,--,--,-- [K
 [K
[J[Hrumqttd,--,-- / --,--,--,--
[Hrumqttd,--,-- / --,--,--,-- [K
 [K
[J[Hrumqttd,--,-- / --,--,--,--
[Hrumqttd,--,-- / --,--,--,-- [K
 [K
[J[Hrumqttd,--,-- / --,--,--,--
[Hrumqttd,--,-- / --,--,--,-- [K
 [K
[J[Hrumqttd,--,-- / --,--,--,--
[Hrumqttd,--,-- / --,--,--,-- [K
 [K
[J[Hrumqttd,--,-- / --,--,--,--
[Hrumqttd,--,-- / --,--,--,-- [K
 [K
[J[Hrumqttd,--,-- / --,--,--,--
[Hrumqttd,--,-- / --,--,--,-- [K
 [K
[J[Hrumqttd,--,-- / --,--,--,--
[Hrumqttd,--,-- / --,--,--,-- [K
 [K
[J[Hrumqttd,--,-- / --,--,--,--
[Hrumqttd,--,-- / --,--,--,-- [K
 [K
[J[Hrumqttd,--,-- / --,--,--,--
[Hrumqttd,--,-- / --,--,--,-- [K
 [K
[J[Hrumqttd,--,-- / --,--,--,--
[Hrumqttd,--,-- / --,--,--,-- [K
 [K
[J[Hrumqttd,--,-- / --,--,--,--
[Hrumqttd,--,-- / --,--,--,-- [K
 [K
[J[Hrumqttd,--,-- / --,--,--,--
[Hrumqttd,--,-- / --,--,--,-- [K
 [K
[J[Hrumqttd,--,-- / --,--,--,--
[Hrumqttd,--,-- / --,--,--,-- [K
 [K
[J[Hrumqttd,--,-- / --,--,--,--
[Hrumqttd,--,-- / --,--,--,-- [K
 [K
[J[Hrumqttd,--,-- / --,--,--,--
[Hrumqttd,--,-- / --,--,--,-- [K
 [K
[J[Hrumqttd,--,-- / --,--,--,--
[Hrumqttd,--,-- / --,--,--,-- [K
 [K
[J[Hrumqttd,--,-- / --,--,--,--
[Hrumqttd,--,-- / --,--,--,-- [K
 [K
[J[Hrumqttd,--,-- / --,--,--,--
[Hrumqttd,--,-- / --,--,--,-- [K
 [K
[J[Hrumqttd,--,-- / --,--,--,--
[Hrumqttd,--,-- / --,--,--,-- [K
 [K
[J[Hrumqttd,--,-- / --,--,--,--
[Hrumqttd,--,-- / --,--,--,-- [K
 [K
[J[Hrumqttd,--,-- / --,--,--,--
[Hrumqttd,--,-- / --,--,--,-- [K
 [K
[J[Hrumqttd,--,-- / --,--,--,--
[Hrumqttd,--,-- / --,--,--,-- [K
 [K
[J[Hrumqttd,--,-- / --,--,--,--
[Hrumqttd,--,-- / --,--,--,-- [K
 [K
[J[Hrumqttd,--,-- / --,--,--,--
[Hrumqttd,--,-- / --,--,--,-- [K
 [K
[J[Hrumqttd,--,-- / --,--,--,--
[Hrumqttd,--,-- / --,--,--,-- [K
 [K
[J[Hrumqttd,--,-- / --,--,--,--
[Hrumqttd,--,-- / --,--,--,-- [K
 [K
[J[Hrumqttd,--,-- / --,--,--,--
[Hrumqttd,--,-- / --,--,--,-- [K
 [K
[J[Hrumqttd,--,-- / --,--,--,--
[Hrumqttd,--,-- / --,--,--,-- [K
 [K
[J[Hrumqttd,--,-- / --,--,--,--
[Hrumqttd,--,-- / --,--,--,-- [K
 [K
[J[Hrumqttd,--,-- / --,--,--,--
[Hrumqttd,--,-- / --,--,--,-- [K
 [K
[J[Hrumqttd,--,-- / --,--,--,--
[Hrumqttd,--,-- / --,--,--,-- [K
 [K
[J[Hrumqttd,--,-- / --,--,--,--
[Hrumqttd,--,-- / --,--,--,-- [K
 [K
[J[Hrumqttd,--,-- / --,--,--,--
[Hrumqttd,--,-- / --,--,--,-- [K
 [K
[J[Hrumqttd,--,-- / --,--,--,--
[Hrumqttd,--,-- / --,--,--,-- [K
 [K
[J[Hrumqttd,--,-- / --,--,--,--
[Hrumqttd,--,-- / --,--,--,-- [K
 [K
[J[Hrumqttd,--,-- / --,--,--,--
[Hrumqttd,--,-- / --,--,--,-- [K
 [K
[J[Hrumqttd,--,-- / --,--,--,--
[Hrumqttd,--,-- / --,--,--,-- [K
 [K
[J[Hrumqttd,--,-- / --,--,--,--
[Hrumqttd,--,-- / --,--,--,-- [K
 [K
[J[Hrumqttd,--,-- / --,--,--,--
[Hrumqttd,--,-- / --,--,--,-- [K
 [K
[J[Hrumqttd,--,-- / --,--,--,--
[Hrumqttd,--,-- / --,--,--,-- [K
 [K
[J[Hrumqttd,--,-- / --,--,--,--
[Hrumqttd,--,-- / --,--,--,-- [K
 [K
[J[Hrumqttd,--,-- / --,--,--,--
[Hrumqttd,--,-- / --,--,--,-- [K
 [K
[J[Hrumqttd,--,-- / --,--,--,--
[Hrumqttd,--,-- / --,--,--,-- [K
 [K
[J[Hrumqttd,--,-- / --,--,--,--
[Hrumqttd,--,-- / --,--,--,-- [K
 [K
[J[Hrumqttd,--,-- / --,--,--,--
[Hrumqttd,--,-- / --,--,--,-- [K
 [K
[J[Hrumqttd,--,-- / --,--,--,--
[Hrumqttd,--,-- / --,--,--,-- [K
 [K
[J[Hrumqttd,--,-- / --,--,--,--
[Hrumqttd,--,-- / --,--,--,-- [K
 [K
[J[Hrumqttd,--,-- / --,--,--,--
[Hrumqttd,--,-- / --,--,--,-- [K
 [K
[J[Hrumqttd,--,-- / --,--,--,--
[Hrumqttd,--,-- / --,--,--,-- [K
 [K
[J[Hrumqttd,--,-- / --,--,--,--
[Hrumqttd,--,-- / --,--,--,-- [K
 [K
[J[Hrumqttd,--,-- / --,--,--,--
[Hrumqttd,--,-- / --,--,--,-- [K
 [K
[J[Hrumqttd,--,-- / --,--,--,--
[Hrumqttd,--,-- / --,--,--,-- [K
 [K
[J[Hrumqttd,--,-- / --,--,--,--
[Hrumqttd,--,-- / --,--,--,-- [K
 [K
[J[Hrumqttd,--,-- / --,--,--,--
[Hrumqttd,--,-- / --,--,--,-- [K
 [K
[J[Hrumqttd,--,-- / --,--,--,--
[Hrumqttd,--,-- / --,--,--,-- [K
 [K
[J[Hrumqttd,--,-- / --,--,--,--
[Hrumqttd,--,-- / --,--,--,-- [K
 [K
[J[Hrumqttd,--,-- / --,--,--,--
[Hrumqttd,--,-- / --,--,--,-- [K
 [K
[J[Hrumqttd,--,-- / --,--,--,--
[Hrumqttd,--,-- / --,--,--,-- [K
 [K
[J[Hrumqttd,--,-- / --,--,--,--
[Hrumqttd,--,-- / --,--,--,-- [K
 [K
[J[Hrumqttd,--,-- / --,--,--,--
[Hrumqttd,--,-- / --,--,--,-- [K
 [K
[J[Hrumqttd,--,-- / --,--,--,--
[Hrumqttd,--,-- / --,--,--,-- [K
 [K
[J[Hrumqttd,--,-- / --,--,--,--
[Hrumqttd,--,-- / --,--,--,-- [K
 [K
[J[Hrumqttd,--,-- / --,--,--,--
[Hrumqttd,--,-- / --,--,--,-- [K
 [K
[J[Hrumqttd,--,-- / --,--,--,--
[Hrumqttd,--,-- / --,--,--,-- [K
 [K
[J[Hrumqttd,--,-- / --,--,--,--
[Hrumqttd,--,-- / --,--,--,-- [K
 [K
[J[Hrumqttd,--,-- / --,--,--,--
[Hrumqttd,--,-- / --,--,--,-- [K
 [K
[J[Hrumqttd,--,-- / --,--,--,--
[Hrumqttd,--,-- / --,--,--,-- [K
 [K
[J[Hrumqttd,--,-- / --,--,--,--
[Hrumqttd,--,-- / --,--,--,-- [K
 [K
[J[Hrumqttd,--,-- / --,--,--,--
[Hrumqttd,--,-- / --,--,--,-- [K
 [K
[J[Hrumqttd,--,-- / --,--,--,--
[Hrumqttd,--,-- / --,--,--,-- [K
 [K
[J[Hrumqttd,--,-- / --,--,--,--
[Hrumqttd,--,-- / --,--,--,-- [K
 [K
[J[Hrumqttd,--,-- / --,--,--,--
[Hrumqttd,--,-- / --,--,--,-- [K
 [K
[J[Hrumqttd,--,-- / --,--,--,--
[Hrumqttd,--,-- / --,--,--,-- [K
 [K
[J[Hrumqttd,--,-- / --,--,--,--
[Hrumqttd,--,-- / --,--,--,-- [K
 [K
[J[Hrumqttd,--,-- / --,--,--,--
[Hrumqttd,--,-- / --,--,--,-- [K
 [K
[J[Hrumqttd,--,-- / --,--,--,--
[Hrumqttd,--,-- / --,--,--,-- [K
 [K
[J[Hrumqttd,--,-- / --,--,--,--
[Hrumqttd,--,-- / --,--,--,-- [K
 [K
[J[Hrumqttd,--,-- / --,--,--,--
[Hrumqttd,--,-- / --,--,--,-- [K
 [K
[J[Hrumqttd,--,-- / --,--,--,--
[Hrumqttd,--,-- / --,--,--,-- [K
 [K
[J[Hrumqttd,--,-- / --,--,--,--
[Hrumqttd,--,-- / --,--,--,-- [K
 [K
[J[Hrumqttd,--,-- / --,--,--,--
[Hrumqttd,--,-- / --,--,--,-- [K
 [K
[J[Hrumqttd,--,-- / --,--,--,--
[Hrumqttd,--,-- / --,--,--,-- [K
 [K
[J[Hrumqttd,--,-- / --,--,--,--
[Hrumqttd,--,-- / --,--,--,-- [K
 [K
[J[Hrumqttd,--,-- / --,--,--,--
[Hrumqttd,--,-- / --,--,--,-- [K
 [K
[J[Hrumqttd,--,-- / --,--,--,--
[Hrumqttd,--,-- / --,--,--,-- [K
 [K
[J[Hrumqttd,--,-- / --,--,--,--
[Hrumqttd,--,-- / --,--,--,-- [K
 [K
[J[Hrumqttd,--,-- / --,--,--,--
[Hrumqttd,--,-- / --,--,--,-- [K
 [K
[J[Hrumqttd,--,-- / --,--,--,--
[Hrumqttd,--,-- / --,--,--,-- [K
 [K
[J[Hrumqttd,--,-- / --,--,--,--
[Hrumqttd,--,-- / --,--,--,-- [K
 [K
[J[Hrumqttd,--,-- / --,--,--,--
[Hrumqttd,--,-- / --,--,--,-- [K
 [K
[J[Hrumqttd,--,-- / --,--,--,--
[Hrumqttd,--,-- / --,--,--,-- [K
 [K
[J[Hrumqttd,--,-- / --,--,--,--
[Hrumqttd,--,-- / --,--,--,-- [K
 [K
[J[Hrumqttd,--,-- / --,--,--,--
[Hrumqttd,--,-- / --,--,--,-- [K
 [K
[J[Hrumqttd,--,-- / --,--,--,--
[Hrumqttd,--,-- / --,--,--,-- [K
 [K
[J[Hrumqttd,--,-- / --,--,--,--
[Hrumqttd,--,-- / --,--,--,-- [K
 [K
[J[Hrumqttd,--,-- / --,--,--,--
[Hrumqttd,--,-- / --,--,--,-- [K
 [K
[J[Hrumqttd,--,-- / --,--,--,--
[Hrumqttd,--,-- / --,--,--,-- [K
 [K
[J[Hrumqttd,--,-- / --,--,--,--
[Hrumqttd,--,-- / --,--,--,-- [K
 [K
[J[Hrumqttd,--,-- / --,--,--,--
[Hrumqttd,--,-- / --,--,--,-- [K
 [K
[J[Hrumqttd,--,-- / --,--,--,--
[Hrumqttd,--,-- / --,--,--,-- [K
 [K
[J[Hrumqttd,--,-- / --,--,--,--
[Hrumqttd,--,-- / --,--,--,-- [K
 [K
[J[Hrumqttd,--,-- / --,--,--,--
[Hrumqttd,--,-- / --,--,--,-- [K
 [K
[J[Hrumqttd,--,-- / --,--,--,--
[Hrumqttd,--,-- / --,--,--,-- [K
 [K
[J[Hrumqttd,--,-- / --,--,--,--
[Hrumqttd,--,-- / --,--,--,-- [K
 [K
[J[Hrumqttd,--,-- / --,--,--,--
[Hrumqttd,--,-- / --,--,--,-- [K
 [K
[J[Hrumqttd,--,-- / --,--,--,--
[Hrumqttd,--,-- / --,--,--,-- [K
 [K
[J[Hrumqttd,--,-- / --,--,--,--
[Hrumqttd,--,-- / --,--,--,-- [K
 [K
[J[Hrumqttd,--,-- / --,--,--,--
[Hrumqttd,--,-- / --,--,--,-- [K
 [K
[J[Hrumqttd,--,-- / --,--,--,--
[Hrumqttd,--,-- / --,--,--,-- [K
 [K
[J[Hrumqttd,--,-- / --,--,--,--
[Hrumqttd,--,-- / --,--,--,-- [K
 [K
[J[Hrumqttd,--,-- / --,--,--,--
[Hrumqttd,--,-- / --,--,--,-- [K
 [K
[J[Hrumqttd,--,-- / --,--,--,--
[Hrumqttd,--,-- / --,--,--,-- [K
 [K
[J[Hrumqttd,--,-- / --,--,--,--
[Hrumqttd,--,-- / --,--,--,-- [K
 [K
[J[Hrumqttd,--,-- / --,--,--,--
[Hrumqttd,--,-- / --,--,--,-- [K
 [K
[J[Hrumqttd,--,-- / --,--,--,--
[Hrumqttd,--,-- / --,--,--,-- [K
 [K
[J[Hrumqttd,--,-- / --,--,--,--
[Hrumqttd,--,-- / --,--,--,-- [K
 [K
[J[Hrumqttd,--,-- / --,--,--,--
[Hrumqttd,--,-- / --,--,--,-- [K
 [K
[J[Hrumqttd,--,-- / --,--,--,--
[Hrumqttd,--,-- / --,--,--,-- [K
 [K
[J[Hrumqttd,--,-- / --,--,--,--
[Hrumqttd,--,-- / --,--,--,-- [K
 [K
[J[Hrumqttd,--,-- / --,--,--,--
[Hrumqttd,--,-- / --,--,--,-- [K
 [K
[J[Hrumqttd,--,-- / --,--,--,--
[Hrumqttd,--,-- / --,--,--,-- [K
 [K
[J[Hrumqttd,--,-- / --,--,--,--
[Hrumqttd,--,-- / --,--,--,-- [K
 [K
[J[Hrumqttd,--,-- / --,--,--,--
[Hrumqttd,--,-- / --,--,--,-- [K
 [K
[J[Hrumqttd,--,-- / --,--,--,--
[Hrumqttd,--,-- / --,--,--,-- [K
 [K
[J[Hrumqttd,--,-- / --,--,--,--
[Hrumqttd,--,-- / --,--,--,-- [K
 [K
[J[Hrumqttd,--,-- / --,--,--,--
[Hrumqttd,--,-- / --,--,--,-- [K
 [K
[J[Hrumqttd,--,-- / --,--,--,--
[Hrumqttd,--,-- / --,--,--,-- [K
 [K
[J[Hrumqttd,--,-- / --,--,--,--
[Hrumqttd,--,-- / --,--,--,-- [K
 [K
[J[Hrumqttd,--,-- / --,--,--,--
[Hrumqttd,--,-- / --,--,--,-- [K
 [K
[J[Hrumqttd,--,-- / --,--,--,--
[Hrumqttd,--,-- / --,--,--,-- [K
 [K
[J[Hrumqttd,--,-- / --,--,--,--
[Hrumqttd,--,-- / --,--,--,-- [K
 [K
[J[Hrumqttd,--,-- / --,--,--,--
[Hrumqttd,--,-- / --,--,--,-- [K
 [K
[J[Hrumqttd,--,-- / --,--,--,--
[Hrumqttd,--,-- / --,--,--,-- [K
 [K
[J[Hrumqttd,--,-- / --,--,--,--
[Hrumqttd,--,-- / --,--,--,-- [K
 [K
[J[Hrumqttd,--,-- / --,--,--,--
[Hrumqttd,--,-- / --,--,--,-- [K
 [K
[J[Hrumqttd,--,-- / --,--,--,--
[Hrumqttd,--,-- / --,--,--,-- [K
 [K
[J[Hrumqttd,--,-- / --,--,--,--
[Hrumqttd,--,-- / --,--,--,-- [K
 [K
[J[Hrumqttd,--,-- / --,--,--,--
[Hrumqttd,--,-- / --,--,--,-- [K
 [K
[J[Hrumqttd,--,-- / --,--,--,--
[Hrumqttd,--,-- / --,--,--,-- [K
 [K
[J[Hrumqttd,--,-- / --,--,--,--
[Hrumqttd,--,-- / --,--,--,-- [K
 [K
[J[Hrumqttd,--,-- / --,--,--,--
[Hrumqttd,--,-- / --,--,--,-- [K
 [K
[J[Hrumqttd,--,-- / --,--,--,--
[Hrumqttd,--,-- / --,--,--,-- [K
 [K
[J[Hrumqttd,--,-- / --,--,--,--
[Hrumqttd,--,-- / --,--,--,-- [K
 [K
[J[Hrumqttd,--,-- / --,--,--,--
[Hrumqttd,--,-- / --,--,--,-- [K
 [K
[J[Hrumqttd,--,-- / --,--,--,--
[Hrumqttd,--,-- / --,--,--,-- [K
 [K
[J[Hrumqttd,--,-- / --,--,--,--
[Hrumqttd,--,-- / --,--,--,-- [K
 [K
[J[Hrumqttd,--,-- / --,--,--,--
[Hrumqttd,--,-- / --,--,--,-- [K
 [K
[J[Hrumqttd,--,-- / --,--,--,--
[Hrumqttd,--,-- / --,--,--,-- [K
 [K
[J[Hrumqttd,--,-- / --,--,--,--
[Hrumqttd,--,-- / --,--,--,-- [K
 [K
[J[Hrumqttd,--,-- / --,--,--,--
[Hrumqttd,--,-- / --,--,--,-- [K
 [K
[J[Hrumqttd,--,-- / --,--,--,--
[Hrumqttd,--,-- / --,--,--,-- [K
 [K
[J[Hrumqttd,--,-- / --,--,--,--
[Hrumqttd,--,-- / --,--,--,-- [K
 [K
[J[Hrumqttd,--,-- / --,--,--,--
[Hrumqttd,--,-- / --,--,--,-- [K
 [K
[J[Hrumqttd,--,-- / --,--,--,--
[Hrumqttd,--,-- / --,--,--,-- [K
 [K
[J[Hrumqttd,--,-- / --,--,--,--
[Hrumqttd,--,-- / --,--,--,-- [K
 [K
[J[Hrumqttd,--,-- / --,--,--,--
[Hrumqttd,--,-- / --,--,--,-- [K
 [K
[J[Hrumqttd,--,-- / --,--,--,--
[Hrumqttd,--,-- / --,--,--,-- [K
 [K
[J[Hrumqttd,--,-- / --,--,--,--
[Hrumqttd,--,-- / --,--,--,-- [K
 [K
[J[Hrumqttd,--,-- / --,--,--,--
[Hrumqttd,--,-- / --,--,--,-- [K
 [K
[J[Hrumqttd,--,-- / --,--,--,--
[Hrumqttd,--,-- / --,--,--,-- [K
 [K
[J[Hrumqttd,--,-- / --,--,--,--
[Hrumqttd,--,-- / --,--,--,-- [K
 [K
[J[Hrumqttd,--,-- / --,--,--,--
[Hrumqttd,--,-- / --,--,--,-- [K
 [K
[J[Hrumqttd,--,-- / --,--,--,--
[Hrumqttd,--,-- / --,--,--,-- [K
 [K
[J[Hrumqttd,--,-- / --,--,--,--
[Hrumqttd,--,-- / --,--,--,-- [K
 [K
[J[Hrumqttd,--,-- / --,--,--,--
[Hrumqttd,--,-- / --,--,--,-- [K
 [K
[J[Hrumqttd,--,-- / --,--,--,--
[Hrumqttd,--,-- / --,--,--,-- [K
 [K
[J[Hrumqttd,--,-- / --,--,--,--
[Hrumqttd,--,-- / --,--,--,-- [K
 [K
[J[Hrumqttd,--,-- / --,--,--,--
[Hrumqttd,--,-- / --,--,--,-- [K
 [K
[J[Hrumqttd,--,-- / --,--,--,--
[Hrumqttd,--,-- / --,--,--,-- [K
 [K
[J[Hrumqttd,--,-- / --,--,--,--
[Hrumqttd,--,-- / --,--,--,-- [K
 [K
[J[Hrumqttd,--,-- / --,--,--,--
[Hrumqttd,--,-- / --,--,--,-- [K
 [K
[J[Hrumqttd,--,-- / --,--,--,--
[Hrumqttd,--,-- / --,--,--,-- [K
 [K
[J[Hrumqttd,--,-- / --,--,--,--
[Hrumqttd,--,-- / --,--,--,-- [K
 [K
[J[Hrumqttd,--,-- / --,--,--,--
[Hrumqttd,--,-- / --,--,--,-- [K
 [K
[J[Hrumqttd,--,-- / --,--,--,--
[Hrumqttd,--,-- / --,--,--,-- [K
 [K
[J[Hrumqttd,--,-- / --,--,--,--
[Hrumqttd,--,-- / --,--,--,-- [K
 [K
[J[Hrumqttd,--,-- / --,--,--,--
[Hrumqttd,--,-- / --,--,--,-- [K
 [K
[J[Hrumqttd,--,-- / --,--,--,--
[Hrumqttd,--,-- / --,--,--,-- [K
 [K
[J[Hrumqttd,--,-- / --,--,--,--
[Hrumqttd,--,-- / --,--,--,-- [K
 [K
[J[Hrumqttd,--,-- / --,--,--,--
[Hrumqttd,--,-- / --,--,--,-- [K
 [K
[J[Hrumqttd,--,-- / --,--,--,--
[Hrumqttd,--,-- / --,--,--,-- [K
 [K
[J[Hrumqttd,--,-- / --,--,--,--
[Hrumqttd,--,-- / --,--,--,-- [K
 [K
[J[Hrumqttd,--,-- / --,--,--,--
[Hrumqttd,--,-- / --,--,--,-- [K
 [K
[J[Hrumqttd,--,-- / --,--,--,--
[Hrumqttd,--,-- / --,--,--,-- [K
 [K
[J[Hrumqttd,--,-- / --,--,--,--
[Hrumqttd,--,-- / --,--,--,-- [K
 [K
[J[Hrumqttd,--,-- / --,--,--,--
[Hrumqttd,--,-- / --,--,--,-- [K
 [K
[J[Hrumqttd,--,-- / --,--,--,--
[Hrumqttd,--,-- / --,--,--,-- [K
 [K
[J[Hrumqttd,--,-- / --,--,--,--
[Hrumqttd,--,-- / --,--,--,-- [K
 [K
[J[Hrumqttd,--,-- / --,--,--,--
[Hrumqttd,--,-- / --,--,--,-- [K
 [K
[J[Hrumqttd,--,-- / --,--,--,--
[Hrumqttd,--,-- / --,--,--,-- [K
 [K
[J[Hrumqttd,--,-- / --,--,--,--
[Hrumqttd,--,-- / --,--,--,-- [K
 [K
[J[Hrumqttd,--,-- / --,--,--,--
[Hrumqttd,--,-- / --,--,--,-- [K
 [K
[J[Hrumqttd,--,-- / --,--,--,--
[Hrumqttd,--,-- / --,--,--,-- [K
 [K
[J[Hrumqttd,--,-- / --,--,--,--
[Hrumqttd,--,-- / --,--,--,-- [K
 [K
[J[Hrumqttd,--,-- / --,--,--,--
[Hrumqttd,--,-- / --,--,--,-- [K
 [K
[J[Hrumqttd,--,-- / --,--,--,--
[Hrumqttd,--,-- / --,--,--,-- [K
 [K
[J[Hrumqttd,--,-- / --,--,--,--
[Hrumqttd,--,-- / --,--,--,-- [K
 [K
[J[Hrumqttd,--,-- / --,--,--,--
[Hrumqttd,--,-- / --,--,--,-- [K
 [K
[J[Hrumqttd,--,-- / --,--,--,--
[Hrumqttd,--,-- / --,--,--,-- [K
 [K
[J[Hrumqttd,--,-- / --,--,--,--
[Hrumqttd,--,-- / --,--,--,-- [K
 [K
[J[Hrumqttd,--,-- / --,--,--,--
[Hrumqttd,--,-- / --,--,--,-- [K
 [K
[J[Hrumqttd,--,-- / --,--,--,--
[Hrumqttd,--,-- / --,--,--,-- [K
 [K
[J[Hrumqttd,--,-- / --,--,--,--
[Hrumqttd,--,-- / --,--,--,-- [K
 [K
[J[Hrumqttd,--,-- / --,--,--,--
[Hrumqttd,--,-- / --,--,--,-- [K
 [K
[J[Hrumqttd,--,-- / --,--,--,--
[Hrumqttd,--,-- / --,--,--,-- [K
 [K
[J[Hrumqttd,--,-- / --,--,--,--
[Hrumqttd,--,-- / --,--,--,-- [K
 [K
[J[Hrumqttd,--,-- / --,--,--,--
[Hrumqttd,--,-- / --,--,--,-- [K
 [K
[J[Hrumqttd,--,-- / --,--,--,--
[Hrumqttd,--,-- / --,--,--,-- [K
 [K
[J[Hrumqttd,--,-- / --,--,--,--
[Hrumqttd,--,-- / --,--,--,-- [K
 [K
[J[Hrumqttd,--,-- / --,--,--,--
[Hrumqttd,--,-- / --,--,--,-- [K
 [K
[J[Hrumqttd,--,-- / --,--,--,--
[Hrumqttd,--,-- / --,--,--,-- [K
 [K
[J[Hrumqttd,--,-- / --,--,--,--
[Hrumqttd,--,-- / --,--,--,-- [K
 [K
[J[Hrumqttd,--,-- / --,--,--,--
[Hrumqttd,--,-- / --,--,--,-- [K
 [K
[J[Hrumqttd,--,-- / --,--,--,--
[Hrumqttd,--,-- / --,--,--,-- [K
 [K
[J[Hrumqttd,--,-- / --,--,--,--
[Hrumqttd,--,-- / --,--,--,-- [K
 [K
[J[Hrumqttd,--,-- / --,--,--,--
[Hrumqttd,--,-- / --,--,--,-- [K
 [K
[J[Hrumqttd,--,-- / --,--,--,--
[Hrumqttd,--,-- / --,--,--,-- [K
 [K
[J[Hrumqttd,--,-- / --,--,--,--
[Hrumqttd,--,-- / --,--,--,-- [K
 [K
[J[Hrumqttd,--,-- / --,--,--,--
[Hrumqttd,--,-- / --,--,--,-- [K
 [K
[J[Hrumqttd,--,-- / --,--,--,--
[Hrumqttd,--,-- / --,--,--,-- [K
 [K
[J[Hrumqttd,--,-- / --,--,--,--
[Hrumqttd,--,-- / --,--,--,-- [K
 [K
[J[Hrumqttd,--,-- / --,--,--,--
[Hrumqttd,--,-- / --,--,--,-- [K
 [K
[J[Hrumqttd,--,-- / --,--,--,--
[Hrumqttd,--,-- / --,--,--,-- [K
 [K
[J[Hrumqttd,--,-- / --,--,--,--
[Hrumqttd,--,-- / --,--,--,-- [K
 [K
[J[Hrumqttd,--,-- / --,--,--,--
[Hrumqttd,--,-- / --,--,--,-- [K
 [K
[J[Hrumqttd,--,-- / --,--,--,--
[Hrumqttd,--,-- / --,--,--,-- [K
 [K
[J[Hrumqttd,--,-- / --,--,--,--
[Hrumqttd,--,-- / --,--,--,-- [K
 [K
[J[Hrumqttd,--,-- / --,--,--,--
[Hrumqttd,--,-- / --,--,--,-- [K
 [K
[J[Hrumqttd,--,-- / --,--,--,--
[Hrumqttd,--,-- / --,--,--,-- [K
 [K
[J[Hrumqttd,--,-- / --,--,--,--
[Hrumqttd,--,-- / --,--,--,-- [K
 [K
[J[Hrumqttd,--,-- / --,--,--,--
[Hrumqttd,--,-- / --,--,--,-- [K
 [K
[J[Hrumqttd,--,-- / --,--,--,--
[Hrumqttd,--,-- / --,--,--,-- [K
 [K
[J[Hrumqttd,--,-- / --,--,--,--
[Hrumqttd,--,-- / --,--,--,-- [K
 [K
[J[Hrumqttd,--,-- / --,--,--,--
[Hrumqttd,--,-- / --,--,--,-- [K
 [K
[J[Hrumqttd,--,-- / --,--,--,--
[Hrumqttd,--,-- / --,--,--,-- [K
 [K
[J[Hrumqttd,--,-- / --,--,--,--
[Hrumqttd,--,-- / --,--,--,-- [K
 [K
[J[Hrumqttd,--,-- / --,--,--,--
[Hrumqttd,--,-- / --,--,--,-- [K
 [K
[J[Hrumqttd,--,-- / --,--,--,--
[Hrumqttd,--,-- / --,--,--,-- [K
 [K
[J[Hrumqttd,--,-- / --,--,--,--
[Hrumqttd,--,-- / --,--,--,-- [K
 [K
[J[Hrumqttd,--,-- / --,--,--,--
[Hrumqttd,--,-- / --,--,--,-- [K
 [K
[J[Hrumqttd,--,-- / --,--,--,--
[Hrumqttd,--,-- / --,--,--,-- [K
 [K
[J[Hrumqttd,--,-- / --,--,--,--
[Hrumqttd,--,-- / --,--,--,-- [K
 [K
[J[Hrumqttd,--,-- / --,--,--,--
[Hrumqttd,--,-- / --,--,--,-- [K
 [K
[J[Hrumqttd,--,-- / --,--,--,--
[Hrumqttd,--,-- / --,--,--,-- [K
 [K
[J[Hrumqttd,--,-- / --,--,--,--
[Hrumqttd,--,-- / --,--,--,-- [K
 [K
[J[Hrumqttd,--,-- / --,--,--,--
[Hrumqttd,--,-- / --,--,--,-- [K
 [K
[J[Hrumqttd,--,-- / --,--,--,--
[Hrumqttd,--,-- / --,--,--,-- [K
 [K
[J[Hrumqttd,--,-- / --,--,--,--
[Hrumqttd,--,-- / --,--,--,-- [K
 [K
[J[Hrumqttd,--,-- / --,--,--,--
[Hrumqttd,--,-- / --,--,--,-- [K
 [K
[J[Hrumqttd,--,-- / --,--,--,--
[Hrumqttd,--,-- / --,--,--,-- [K
 [K
[J[Hrumqttd,--,-- / --,--,--,--
[Hrumqttd,--,-- / --,--,--,-- [K
 [K
[J[Hrumqttd,--,-- / --,--,--,--
[Hrumqttd,--,-- / --,--,--,-- [K
 [K
[J[Hrumqttd,--,-- / --,--,--,--
[Hrumqttd,--,-- / --,--,--,-- [K
 [K
[J[Hrumqttd,--,-- / --,--,--,--
[Hrumqttd,--,-- / --,--,--,-- [K
 [K
[J[Hrumqttd,--,-- / --,--,--,--
[Hrumqttd,--,-- / --,--,--,-- [K
 [K
[J[Hrumqttd,--,-- / --,--,--,--
[Hrumqttd,--,-- / --,--,--,-- [K
 [K
[J[Hrumqttd,--,-- / --,--,--,--
[Hrumqttd,--,-- / --,--,--,-- [K
 [K
[J[Hrumqttd,--,-- / --,--,--,--
[Hrumqttd,--,-- / --,--,--,-- [K
 [K
[J[Hrumqttd,--,-- / --,--,--,--
[Hrumqttd,--,-- / --,--,--,-- [K
 [K
[J[Hrumqttd,--,-- / --,--,--,--
[Hrumqttd,--,-- / --,--,--,-- [K
 [K
[J[Hrumqttd,--,-- / --,--,--,--
[Hrumqttd,--,-- / --,--,--,-- [K
 [K
[J[Hrumqttd,--,-- / --,--,--,--
[Hrumqttd,--,-- / --,--,--,-- [K
 [K
[J[Hrumqttd,--,-- / --,--,--,--
[Hrumqttd,--,-- / --,--,--,-- [K
 [K
[J[Hrumqttd,--,-- / --,--,--,--
[Hrumqttd,--,-- / --,--,--,-- [K
 [K
[J[Hrumqttd,--,-- / --,--,--,--
[Hrumqttd,--,-- / --,--,--,-- [K
 [K
[J[Hrumqttd,--,-- / --,--,--,--
[Hrumqttd,--,-- / --,--,--,-- [K
 [K
[J[Hrumqttd,--,-- / --,--,--,--
[Hrumqttd,--,-- / --,--,--,-- [K
 [K
[J[Hrumqttd,--,-- / --,--,--,--
[Hrumqttd,--,-- / --,--,--,-- [K
 [K
[J[Hrumqttd,--,-- / --,--,--,--
[Hrumqttd,--,-- / --,--,--,-- [K
 [K
[J[Hrumqttd,--,-- / --,--,--,--
[Hrumqttd,--,-- / --,--,--,-- [K
 [K
[J[Hrumqttd,--,-- / --,--,--,--
[Hrumqttd,--,-- / --,--,--,-- [K
 [K
[J[Hrumqttd,--,-- / --,--,--,--
[Hrumqttd,--,-- / --,--,--,-- [K
 [K
[J[Hrumqttd,--,-- / --,--,--,--
[Hrumqttd,--,-- / --,--,--,-- [K
 [K
[J[Hrumqttd,--,-- / --,--,--,--
[Hrumqttd,--,-- / --,--,--,-- [K
 [K
[J[Hrumqttd,--,-- / --,--,--,--
[Hrumqttd,--,-- / --,--,--,-- [K
 [K
[J[Hrumqttd,--,-- / --,--,--,--
[Hrumqttd,--,-- / --,--,--,-- [K
 [K
[J[Hrumqttd,--,-- / --,--,--,--
[Hrumqttd,--,-- / --,--,--,-- [K
 [K
[J[Hrumqttd,--,-- / --,--,--,--
[Hrumqttd,--,-- / --,--,--,-- [K
 [K
[J[Hrumqttd,--,-- / --,--,--,--
[Hrumqttd,--,-- / --,--,--,-- [K
 [K
[J[Hrumqttd,--,-- / --,--,--,--
[Hrumqttd,--,-- / --,--,--,-- [K
 [K
[J[Hrumqttd,--,-- / --,--,--,--
[Hrumqttd,--,-- / --,--,--,-- [K
 [K
[J[Hrumqttd,--,-- / --,--,--,--
[Hrumqttd,--,-- / --,--,--,-- [K
 [K
[J[Hrumqttd,--,-- / --,--,--,--
[Hrumqttd,--,-- / --,--,--,-- [K
 [K
[J[Hrumqttd,--,-- / --,--,--,--
[Hrumqttd,--,-- / --,--,--,-- [K
 [K
[J[Hrumqttd,--,-- / --,--,--,--
[Hrumqttd,--,-- / --,--,--,-- [K
 [K
[J[Hrumqttd,--,-- / --,--,--,--
[Hrumqttd,--,-- / --,--,--,-- [K
 [K
[J[Hrumqttd,--,-- / --,--,--,--
[Hrumqttd,--,-- / --,--,--,-- [K
 [K
[J[Hrumqttd,--,-- / --,--,--,--
[Hrumqttd,--,-- / --,--,--,-- [K
 [K
[J[Hrumqttd,--,-- / --,--,--,--
[Hrumqttd,--,-- / --,--,--,-- [K
 [K
[J[Hrumqttd,--,-- / --,--,--,--
[Hrumqttd,--,-- / --,--,--,-- [K
 [K
[J[Hrumqttd,--,-- / --,--,--,--
[Hrumqttd,--,-- / --,--,--,-- [K
 [K
[J[Hrumqttd,--,-- / --,--,--,--
[Hrumqttd,--,-- / --,--,--,-- [K
 [K
[J[Hrumqttd,--,-- / --,--,--,--
[Hrumqttd,--,-- / --,--,--,-- [K
 [K
[J[Hrumqttd,--,-- / --,--,--,--
[Hrumqttd,--,-- / --,--,--,-- [K
 [K
[J[Hrumqttd,--,-- / --,--,--,--
[Hrumqttd,--,-- / --,--,--,-- [K
 [K
[J[Hrumqttd,--,-- / --,--,--,--
[Hrumqttd,--,-- / --,--,--,-- [K
 [K
[J[Hrumqttd,--,-- / --,--,--,--
[Hrumqttd,--,-- / --,--,--,-- [K
 [K
[J[Hrumqttd,--,-- / --,--,--,--
[Hrumqttd,--,-- / --,--,--,-- [K
 [K
[J[Hrumqttd,--,-- / --,--,--,--
[Hrumqttd,--,-- / --,--,--,-- [K
 [K
[J[Hrumqttd,--,-- / --,--,--,--
[Hrumqttd,--,-- / --,--,--,-- [K
 [K
[J[Hrumqttd,--,-- / --,--,--,--
[Hrumqttd,--,-- / --,--,--,-- [K
 [K
[J[Hrumqttd,--,-- / --,--,--,--
[Hrumqttd,--,-- / --,--,--,-- [K
 [K
[J[Hrumqttd,--,-- / --,--,--,--
[Hrumqttd,--,-- / --,--,--,-- [K
 [K
[J[Hrumqttd,--,-- / --,--,--,--
[Hrumqttd,--,-- / --,--,--,-- [K
 [K
[J[Hrumqttd,--,-- / --,--,--,--
[Hrumqttd,--,-- / --,--,--,-- [K
 [K
[J[Hrumqttd,--,-- / --,--,--,--
[Hrumqttd,--,-- / --,--,--,-- [K
 [K
[J[Hrumqttd,--,-- / --,--,--,--
[Hrumqttd,--,-- / --,--,--,-- [K
 [K
[J[Hrumqttd,--,-- / --,--,--,--
[Hrumqttd,--,-- / --,--,--,-- [K
 [K
[J[Hrumqttd,--,-- / --,--,--,--
[Hrumqttd,--,-- / --,--,--,-- [K
 [K
[J[Hrumqttd,--,-- / --,--,--,--
[Hrumqttd,--,-- / --,--,--,-- [K
 [K
[J[Hrumqttd,--,-- / --,--,--,--
[Hrumqttd,--,-- / --,--,--,-- [K
 [K
[J[Hrumqttd,--,-- / --,--,--,--
[Hrumqttd,--,-- / --,--,--,-- [K
 [K
[J[Hrumqttd,--,-- / --,--,--,--
[Hrumqttd,--,-- / --,--,--,-- [K
 [K
[J[Hrumqttd,--,-- / --,--,--,--
[Hrumqttd,--,-- / --,--,--,-- [K
 [K
[J[Hrumqttd,--,-- / --,--,--,--
[Hrumqttd,--,-- / --,--,--,-- [K
 [K
[J[Hrumqttd,--,-- / --,--,--,--
[Hrumqttd,--,-- / --,--,--,-- [K
 [K
[J[Hrumqttd,--,-- / --,--,--,--
[Hrumqttd,--,-- / --,--,--,-- [K
 [K
[J[Hrumqttd,--,-- / --,--,--,--
[Hrumqttd,--,-- / --,--,--,-- [K
 [K
[J[Hrumqttd,--,-- / --,--,--,--
[Hrumqttd,--,-- / --,--,--,-- [K
 [K
[J[Hrumqttd,--,-- / --,--,--,--
[Hrumqttd,--,-- / --,--,--,-- [K
 [K
[J[Hrumqttd,--,-- / --,--,--,--
[Hrumqttd,--,-- / --,--,--,-- [K
 [K
[J[Hrumqttd,--,-- / --,--,--,--
[Hrumqttd,--,-- / --,--,--,-- [K
 [K
[J[Hrumqttd,--,-- / --,--,--,--
[Hrumqttd,--,-- / --,--,--,-- [K
 [K
[J[Hrumqttd,--,-- / --,--,--,--
[Hrumqttd,--,-- / --,--,--,-- [K
 [K
[J[Hrumqttd,--,-- / --,--,--,--
[Hrumqttd,--,-- / --,--,--,-- [K
 [K
[J[Hrumqttd,--,-- / --,--,--,--
[Hrumqttd,--,-- / --,--,--,-- [K
 [K
[J[Hrumqttd,--,-- / --,--,--,--
[Hrumqttd,--,-- / --,--,--,-- [K
 [K
[J